2797.3999999999996,120,758,970
2096.3999999999996,266,1087,1361
704.3999999999996,520,1201,2593
156.39999999999964,744,1733,2548
1853.3999999999996,313,1121,1403
737.3999999999996,779,1836,1849
1525.3999999999996,449,1337,1532
1398.3999999999996,341,1409,1707
4326.4,0,0,1
1822.3999999999996,504,1194,1335
712.3999999999996,815,1659,2133
2498.3999999999996,384,886,980
3070.3999999999996,319,725,554
2455.3999999999996,433,1199,860
996.3999999999996,556,1380,1996
1824.3999999999996,367,766,1926
2960.3999999999996,314,843,541
372.39999999999964,481,2150,2054
953.3999999999996,822,2022,1736
3524.3999999999996,151,482,344
1220.3999999999996,690,1326,1931
2359.3999999999996,588,809,1256
4235.4,10,10,82
1954.3999999999996,502,1024,1530
3154.3999999999996,128,467,788
2414.3999999999996,228,717,1313
4078.3999999999996,0,10,239
571.3999999999996,735,1642,2198
1449.3999999999996,634,1395,1520
4237.4,0,0,90
756.3999999999996,601,1407,2237
415.39999999999964,802,1846,2131
158.39999999999964,830,2064,2289
1767.3999999999996,792,1494,1205
972.3999999999996,470,1177,2322
3191.3999999999996,93,461,857
164.39999999999964,1032,1938,2339
2263.3999999999996,490,1093,1095
962.3999999999996,480,1309,2127
1335.3999999999996,699,1392,1771
1439.3999999999996,446,1197,1720
1158.3999999999996,793,1491,1742
1018.3999999999996,478,1627,1898
451.39999999999964,943,1776,2111
637.3999999999996,563,1864,1950
2967.3999999999996,165,611,801
646.3999999999996,637,1452,2305
135.39999999999964,992,2213,2193
4256.4,0,0,71
1023.3999999999996,970,1860,1616
1065.3999999999996,323,1381,2058
1732.3999999999996,307,1029,1615
1431.3999999999996,661,1477,1583
2336.3999999999996,167,720,1285
2788.3999999999996,257,805,779
1498.3999999999996,492,1188,1964
2147.3999999999996,492,1099,1081
991.3999999999996,582,1685,1710
2604.3999999999996,263,947,831
1731.3999999999996,283,997,1729
289.39999999999964,525,2045,2151
532.3999999999996,855,2013,1985
3837.3999999999996,108,117,375
3574.3999999999996,20,252,522
926.3999999999996,971,2077,1481
4322.4,0,5,0
2247.3999999999996,496,1203,950
1810.3999999999996,425,986,1766
2872.3999999999996,244,674,907
432.39999999999964,504,1774,2348
3055.3999999999996,430,733,582
3972.3999999999996,97,207,148
263.39999999999964,794,1900,2400
1173.3999999999996,616,1544,1731
3919.3999999999996,28,175,233
3624.3999999999996,208,237,466
2339.3999999999996,342,838,1308
3026.3999999999996,130,462,949
831.3999999999996,560,1864,1684
173.39999999999964,873,1713,2587
1915.3999999999996,194,1084,1457
626.3999999999996,833,1975,1814
3191.3999999999996,203,482,803
3279.3999999999996,98,300,748
3769.3999999999996,43,334,224
2106.3999999999996,230,973,1361
1795.3999999999996,130,743,1785
1125.3999999999996,463,1269,2044
3607.3999999999996,60,286,461
2898.3999999999996,102,413,1024
2392.3999999999996,558,1034,1121
2960.3999999999996,115,491,973
2734.3999999999996,304,709,874
1561.3999999999996,578,1324,1609
2480.3999999999996,370,858,1019
3958.3999999999996,209,241,218
106.39999999999964,818,2081,2396
1788.3999999999996,593,1303,1325
1437.3999999999996,724,1379,1720
1191.3999999999996,534,1562,1614
2046.3999999999996,221,1079,1403
3980.3999999999996,7,117,228
2502.3999999999996,405,763,1150
1524.3999999999996,548,1424,1577
1703.3999999999996,321,899,1841
978.3999999999996,589,1337,2190
3282.3999999999996,100,577,536
3190.3999999999996,171,527,620
2038.3999999999996,521,1298,1157
347.39999999999964,542,1361,2745
2705.3999999999996,383,867,811
1174.3999999999996,753,1503,1714
2199.3999999999996,200,1072,1171
1694.3999999999996,723,1647,1048
414.39999999999964,703,1979,2027
2810.3999999999996,305,861,695
901.3999999999996,317,1660,1918
488.39999999999964,624,1941,1955
1709.3999999999996,463,1173,1650
1727.3999999999996,473,1219,1493
3945.3999999999996,37,159,231
3019.3999999999996,137,452,904
2361.3999999999996,480,845,1155
257.39999999999964,947,1718,2501
409.39999999999964,812,1961,2240
3710.3999999999996,17,342,285
3916.3999999999996,118,191,225
214.39999999999964,707,1771,2556
1141.3999999999996,795,1575,1784
3736.3999999999996,240,287,309
3376.3999999999996,121,303,672
171.39999999999964,1030,1861,2681
82.39999999999964,506,1856,2652
280.39999999999964,679,1946,2328
1169.3999999999996,581,1681,1741
151.39999999999964,786,1969,2307
810.3999999999996,605,1868,2018
1431.3999999999996,516,1321,1738
2807.3999999999996,197,572,968
2875.3999999999996,401,817,694
438.39999999999964,625,1510,2558
99.39999999999964,944,2166,2184
4127.4,8,65,192
187.39999999999964,834,1861,2521
3201.3999999999996,245,578,577
2805.3999999999996,290,827,727
2268.3999999999996,320,998,1066
3045.3999999999996,157,590,762
1533.3999999999996,411,1231,1914
581.3999999999996,920,1867,2066
296.39999999999964,651,1520,2593
3639.3999999999996,32,262,436
1007.3999999999996,367,1508,1974
3661.3999999999996,107,341,427
296.39999999999964,170,1781,2533
278.39999999999964,896,1544,2753
1077.3999999999996,598,1665,1798
1418.3999999999996,748,1473,1597
1542.3999999999996,520,1477,1451
1996.3999999999996,381,1080,1381
1875.3999999999996,492,1007,1634
32.399999999999636,856,2234,2125
4099.4,9,39,191
1113.3999999999996,675,1806,1509
2412.3999999999996,251,821,1137
3005.3999999999996,170,425,997
3034.3999999999996,143,687,656
2348.3999999999996,277,1095,1237
672.3999999999996,695,1572,2179
1568.3999999999996,551,1541,1677
3773.3999999999996,37,387,202
2771.3999999999996,483,802,785
3315.3999999999996,228,452,582
2523.3999999999996,261,834,1054
1784.3999999999996,452,724,1819
2234.3999999999996,490,1130,1144
630.3999999999996,797,1765,1996
182.39999999999964,1063,2007,2251
1025.3999999999996,562,907,2419
353.39999999999964,373,1344,2692
2485.3999999999996,361,949,1037
1064.3999999999996,543,1372,1886
1834.3999999999996,584,883,1667
2424.3999999999996,471,1053,860
3528.3999999999996,97,410,480
425.39999999999964,555,1446,2589
4066.3999999999996,14,154,129
818.3999999999996,628,1606,2249
3326.3999999999996,421,743,378
2973.3999999999996,186,543,831
2674.3999999999996,236,622,1151
3607.3999999999996,143,468,329
912.3999999999996,457,1321,2275
2883.3999999999996,331,699,830
3307.3999999999996,197,594,486
2667.3999999999996,165,901,890
2663.3999999999996,423,750,956
579.3999999999996,904,1860,2129
1695.3999999999996,382,1204,1603
821.3999999999996,204,1069,2545
1773.3999999999996,247,1197,1389
308.39999999999964,743,1841,2517
1695.3999999999996,501,1148,1662
3584.3999999999996,165,380,363
2767.3999999999996,408,565,1024
3375.3999999999996,252,634,442
2395.3999999999996,552,951,1122
601.3999999999996,813,1782,2008
4322.4,0,5,0
2064.3999999999996,628,1041,1364
3869.3999999999996,197,304,159
4171.4,9,81,75
584.3999999999996,828,1644,2220
3319.3999999999996,320,525,509
1705.3999999999996,383,1141,1522
2155.3999999999996,335,991,1216
2313.3999999999996,187,914,1238
823.3999999999996,564,1298,2298
789.3999999999996,715,1286,2324
909.3999999999996,591,1534,2105
3830.3999999999996,14,69,436
3957.3999999999996,1,75,352
4175.4,30,152,12
2515.3999999999996,646,915,931
2001.3999999999996,784,1295,1129
2770.3999999999996,377,889,788
2483.3999999999996,462,1154,880
3705.3999999999996,189,201,423
3761.3999999999996,106,229,351
3930.3999999999996,10,212,285
2754.3999999999996,328,913,699
3854.3999999999996,104,218,267
169.39999999999964,1146,2294,2052
583.3999999999996,826,2091,1824
804.3999999999996,687,1820,1836
1164.3999999999996,615,1375,1912
3269.3999999999996,181,791,322
284.39999999999964,630,1576,2748
946.3999999999996,747,1384,2145
722.3999999999996,654,1670,2083
2634.3999999999996,428,768,965
1132.3999999999996,842,1692,1527
1630.3999999999996,932,1455,1317
1780.3999999999996,560,1193,1497
986.3999999999996,752,1299,2186
176.39999999999964,640,1672,2738
1882.3999999999996,357,1430,1158
319.39999999999964,1044,2188,2018
3020.3999999999996,232,749,646
3447.3999999999996,245,470,515
600.3999999999996,526,1572,2217
1341.3999999999996,486,1277,1774
892.3999999999996,592,1464,2085
2103.3999999999996,406,822,1492
872.3999999999996,786,1953,1819
2527.3999999999996,306,856,1082
921.3999999999996,495,1592,1972
1716.3999999999996,720,1440,1260
1875.3999999999996,442,834,1639
951.3999999999996,609,1389,2168
410.39999999999964,759,1933,2138
494.39999999999964,739,2049,2179
3921.3999999999996,126,316,100
1852.3999999999996,674,966,1604
2710.3999999999996,389,782,939
3482.3999999999996,182,458,402
600.3999999999996,794,2149,1783
3048.3999999999996,218,460,856
1152.3999999999996,547,1342,2040
1958.3999999999996,503,1031,1489
3356.3999999999996,121,261,730
1936.3999999999996,458,958,1742
718.3999999999996,370,1568,2141
89.39999999999964,933,2151,2405
510.39999999999964,1001,2091,1812
1873.3999999999996,600,1079,1423
1767.3999999999996,293,718,1869
2717.3999999999996,405,785,953
79.39999999999964,607,1949,2568
3448.3999999999996,36,312,572
278.39999999999964,1025,1969,2289
2076.3999999999996,483,1326,961
3204.3999999999996,295,525,598
1864.3999999999996,378,1099,1515
1596.3999999999996,632,1723,1162
3860.3999999999996,10,230,237
1616.3999999999996,353,1182,1562
2537.3999999999996,509,811,989
480.39999999999964,685,1513,2444
752.3999999999996,620,1784,2050
870.3999999999996,520,1551,2065
913.3999999999996,398,1514,2064
3874.3999999999996,25,202,268
3460.3999999999996,16,64,803
515.3999999999996,669,1632,2327
1571.3999999999996,408,1398,1511
2872.3999999999996,59,490,981
479.39999999999964,789,1430,2553
2328.3999999999996,140,674,1525
3656.3999999999996,192,302,386
690.3999999999996,815,1747,2148
1541.3999999999996,224,1072,1816
1872.3999999999996,335,1154,1360
4019.3999999999996,110,231,88
309.39999999999964,495,1304,2896
3802.3999999999996,100,169,378
180.39999999999964,735,1787,2530
1108.3999999999996,590,1549,1831
373.39999999999964,709,1695,2457
1178.3999999999996,463,1249,1958
3726.3999999999996,22,251,361
2636.3999999999996,497,769,1087
3533.3999999999996,316,337,441
4249.4,55,77,1
257.39999999999964,515,1691,2475
447.39999999999964,619,1393,2620
2376.3999999999996,330,754,1316
2987.3999999999996,340,601,757
3548.3999999999996,143,269,522
3166.3999999999996,103,617,656
1092.3999999999996,519,1514,1899
909.3999999999996,1054,1563,2006
4325.4,2,2,0
742.3999999999996,757,1670,2103
3671.3999999999996,236,376,282
2980.3999999999996,298,641,846
3041.3999999999996,314,773,527
1537.3999999999996,395,1054,1883
2967.3999999999996,198,551,868
2707.3999999999996,176,825,938
753.3999999999996,706,1749,1974
552.3999999999996,466,1464,2527
1896.3999999999996,374,985,1552
3070.3999999999996,188,499,898
797.3999999999996,888,1679,2096
3668.3999999999996,200,306,363
879.3999999999996,307,1695,2127
1091.3999999999996,498,1445,1933
368.39999999999964,714,1680,2412
2671.3999999999996,199,554,1136
1915.3999999999996,279,1223,1196
1686.3999999999996,408,1455,1430
1147.3999999999996,690,1692,1588
4134.4,10,10,183
2564.3999999999996,518,861,929
4151.4,7,27,149
1297.3999999999996,505,1405,1871
3965.3999999999996,20,150,212
1835.3999999999996,573,1066,1470
2241.3999999999996,172,907,1188
3808.3999999999996,126,221,298
1080.3999999999996,759,1474,1833
474.39999999999964,810,1818,2260
1433.3999999999996,558,1282,1663
3612.3999999999996,153,320,462
1999.3999999999996,400,979,1471
4064.3999999999996,81,134,129
1584.3999999999996,507,1139,1701
1857.3999999999996,212,962,1534
1381.3999999999996,293,1265,1997
1426.3999999999996,206,936,2078
3025.3999999999996,139,375,963
3225.3999999999996,115,630,484
1109.3999999999996,471,1643,1686
1698.3999999999996,421,1120,1701
1358.3999999999996,257,1559,1574
2342.3999999999996,530,869,1177
3766.3999999999996,44,165,409
4094.3999999999996,97,133,105
3086.3999999999996,377,664,671
1176.3999999999996,528,1428,1775
1966.3999999999996,216,1157,1226
739.3999999999996,1101,2092,1766
650.3999999999996,584,1560,2226
2688.3999999999996,140,514,1107
542.3999999999996,985,1973,2136
3181.3999999999996,223,582,579
523.3999999999996,672,1530,2355
4316.4,10,11,0
1426.3999999999996,735,1215,1812
1394.3999999999996,533,1433,1638
3653.3999999999996,135,378,311
2948.3999999999996,253,854,561
1428.3999999999996,258,1141,1894
533.3999999999996,636,1778,2075
1901.3999999999996,784,1190,1402
3993.3999999999996,158,160,174
3346.3999999999996,258,534,462
929.3999999999996,584,1703,1933
1982.3999999999996,402,1184,1360
1163.3999999999996,610,1184,2026
536.3999999999996,775,1943,1969
3711.3999999999996,152,291,473
3089.3999999999996,347,748,581
507.39999999999964,498,1535,2396
2522.3999999999996,567,889,955
1608.3999999999996,421,1478,1288
4056.3999999999996,60,204,90
1055.3999999999996,407,1509,1969
3693.3999999999996,53,244,390
2909.3999999999996,256,728,724
1283.3999999999996,382,1376,1817
1481.3999999999996,718,1396,1599
1964.3999999999996,530,1044,1349
3155.3999999999996,15,268,929
225.39999999999964,881,1801,2504
342.39999999999964,737,1133,2931
456.39999999999964,550,1663,2479
611.3999999999996,594,1495,2316
95.39999999999964,763,2082,2264
3207.3999999999996,97,521,621
2181.3999999999996,357,853,1360
3674.3999999999996,116,251,402
1622.3999999999996,395,1228,1704
3565.3999999999996,84,578,251
345.39999999999964,824,1915,2279
1182.3999999999996,567,1778,1480
2520.3999999999996,267,783,1075
333.39999999999964,581,1421,2728
2595.3999999999996,533,987,834
2017.3999999999996,363,1070,1323
45.399999999999636,731,1696,2678
3203.3999999999996,162,642,648
1919.3999999999996,404,971,1523
3484.3999999999996,204,481,375
1163.3999999999996,252,1276,1949
3315.3999999999996,243,477,535
3149.3999999999996,292,639,652
1821.3999999999996,429,991,1623
3324.3999999999996,402,863,160
1899.3999999999996,351,810,1739
1292.3999999999996,829,1667,1494
3328.3999999999996,223,491,552
4235.4,0,2,90
3204.3999999999996,288,515,610
133.39999999999964,874,1804,2465
2207.3999999999996,257,958,1262
15.399999999999636,854,1877,2523
1240.3999999999996,571,1377,1786
1367.3999999999996,603,1271,1816
3084.3999999999996,306,589,676
2584.3999999999996,323,689,1064
1345.3999999999996,488,1607,1470
2618.3999999999996,420,1030,713
3358.3999999999996,22,40,947
4108.4,2,28,203
1805.3999999999996,430,1332,1412
802.3999999999996,799,1567,2190
2034.3999999999996,455,891,1747
1001.3999999999996,339,1193,2216
2038.3999999999996,572,1270,1209
3137.3999999999996,219,559,841
788.3999999999996,702,1500,2121
852.3999999999996,600,1815,2034
584.3999999999996,523,1732,2170
801.3999999999996,804,1823,1986
2647.3999999999996,361,650,1103
2700.3999999999996,349,621,1038
766.3999999999996,579,1419,2246
297.39999999999964,953,2252,1941
967.3999999999996,817,1701,1845
2869.3999999999996,299,402,1122
375.39999999999964,1149,2056,2068
2304.3999999999996,466,1049,1180
171.39999999999964,824,2061,2326
3406.3999999999996,68,384,542
3800.3999999999996,139,320,231
3765.3999999999996,32,435,143
431.39999999999964,740,1652,2465
1871.3999999999996,464,824,1698
2803.3999999999996,231,499,1098
1098.3999999999996,650,1315,1987
915.3999999999996,510,1172,2429
289.39999999999964,690,2035,2362
1396.3999999999996,294,1082,2008
630.3999999999996,674,1362,2391
2631.3999999999996,562,956,785
2016.3999999999996,370,1024,1328
1621.3999999999996,352,965,1782
1274.3999999999996,287,1323,1964
1680.3999999999996,556,1133,1646
217.39999999999964,1032,1975,2383
3716.3999999999996,170,304,325
3939.3999999999996,193,347,70
2365.3999999999996,327,879,1282
2257.3999999999996,330,1017,1195
1315.3999999999996,556,1331,1751
3153.3999999999996,93,303,919
3385.3999999999996,24,167,803
1846.3999999999996,634,1148,1434
3948.3999999999996,150,260,119
3847.3999999999996,142,162,323
528.3999999999996,546,1813,2173
3570.3999999999996,53,211,579
2672.3999999999996,455,1095,680
28.399999999999636,1043,2309,2417
308.39999999999964,780,1885,2391
2974.3999999999996,243,698,664
661.3999999999996,696,1945,2243
1772.3999999999996,388,1351,1335
989.3999999999996,535,1465,2030
2900.3999999999996,136,654,836
269.39999999999964,742,2244,2103
431.39999999999964,903,1678,2322
3949.3999999999996,40,162,216
3535.3999999999996,295,474,418
1276.3999999999996,236,1552,1622
2348.3999999999996,544,860,1155
457.39999999999964,619,1873,2243
1570.3999999999996,390,1500,1415
2668.3999999999996,274,594,1077
385.39999999999964,749,1642,2510
1993.3999999999996,755,1295,1084
3339.3999999999996,126,437,608
2226.3999999999996,492,920,1212
1822.3999999999996,384,1231,1333
2890.3999999999996,363,521,921
2290.3999999999996,354,828,1332
41.399999999999636,1010,2074,2520
2792.3999999999996,149,425,1127
3827.3999999999996,103,323,267
4205.4,1,1,121
1608.3999999999996,472,1158,1762
460.39999999999964,881,1644,2371
254.39999999999964,524,1792,2456
3170.3999999999996,115,642,595
3262.3999999999996,114,414,743
2368.3999999999996,266,680,1329
553.3999999999996,862,1608,2317
2625.3999999999996,253,916,822
2176.3999999999996,680,1183,1039
4090.3999999999996,22,207,30
1521.3999999999996,501,1225,1706
1684.3999999999996,581,1145,1525
1504.3999999999996,521,1356,1658
1129.3999999999996,739,1620,1815
2091.3999999999996,704,1117,1170
46.399999999999636,432,1539,2861
3341.3999999999996,263,542,448
2315.3999999999996,557,1065,992
4317.4,0,0,10
1052.3999999999996,866,1661,1719
127.39999999999964,759,1871,2442
2625.3999999999996,533,1064,846
3563.3999999999996,107,337,430
1593.3999999999996,456,848,2021
2147.3999999999996,297,857,1500
910.3999999999996,409,1573,1993
1527.3999999999996,320,830,2035
1052.3999999999996,622,1401,1914
4305.4,2,10,12
3033.3999999999996,62,510,794
1581.3999999999996,527,1385,1469
78.39999999999964,1073,1937,2439
1866.3999999999996,278,1036,1542
3197.3999999999996,219,693,474
2980.3999999999996,221,691,763
685.3999999999996,814,1791,1952
3633.3999999999996,168,426,283
3800.3999999999996,182,271,278
1503.3999999999996,375,1188,1741
2690.3999999999996,317,576,1081
3320.3999999999996,247,624,393
661.3999999999996,599,1498,2261
319.39999999999964,754,2021,2324
4135.4,0,90,102
2366.3999999999996,500,1164,811
649.3999999999996,484,1596,2438
2805.3999999999996,280,758,804
3007.3999999999996,307,766,680
1107.3999999999996,591,1180,2118
401.39999999999964,927,2298,2137
2740.3999999999996,230,632,995
636.3999999999996,662,1878,2067
483.39999999999964,453,2085,2039
1457.3999999999996,736,1485,1429
768.3999999999996,664,1695,1914
1248.3999999999996,498,1416,1981
4010.3999999999996,20,158,159
1814.3999999999996,444,941,1623
2049.3999999999996,526,1258,1095
190.39999999999964,712,1858,2593
869.3999999999996,838,1929,1811
3322.3999999999996,208,349,746
3187.3999999999996,202,452,853
844.3999999999996,698,1565,2115
1288.3999999999996,454,1204,1964
4287.4,8,8,32
3337.3999999999996,184,391,609
684.3999999999996,827,1746,1976
3541.3999999999996,85,313,573
3200.3999999999996,92,319,903
2692.3999999999996,471,998,850
2974.3999999999996,155,409,954
3939.3999999999996,5,125,268
2886.3999999999996,65,425,1055
1023.3999999999996,566,1119,2311
3501.3999999999996,152,328,536
837.3999999999996,356,1389,2254
32.399999999999636,955,1910,2574
2944.3999999999996,122,509,892
613.3999999999996,507,2129,1825
2074.3999999999996,406,645,1636
1997.3999999999996,527,1087,1385
1774.3999999999996,519,1431,1191
1132.3999999999996,495,1531,1808
523.3999999999996,725,1446,2453
3031.3999999999996,273,543,862
622.3999999999996,887,1632,2418
4110.4,95,95,122
445.39999999999964,874,2075,1961
2349.3999999999996,364,891,1199
3093.3999999999996,217,518,746
760.3999999999996,717,1741,1864
323.39999999999964,749,1951,2157
1266.3999999999996,510,1418,1704
3028.3999999999996,232,747,600
666.3999999999996,617,1515,2326
118.39999999999964,999,2155,2259
3611.3999999999996,126,355,449
3719.3999999999996,98,273,355
653.3999999999996,580,1538,2260
785.3999999999996,790,2016,1655
2157.3999999999996,206,879,1615
1675.3999999999996,202,853,1945
559.3999999999996,982,1964,1885
134.39999999999964,717,1778,2566
4268.4,0,8,59
2872.3999999999996,71,854,711
2122.3999999999996,457,944,1551
1706.3999999999996,459,1094,1650
88.39999999999964,646,1586,2728
381.39999999999964,1039,1713,2437
2388.3999999999996,375,814,1229
485.39999999999964,718,1793,2291
1398.3999999999996,429,1314,1672
1797.3999999999996,621,1045,1759
3175.3999999999996,256,484,678
238.39999999999964,884,1815,2408
3631.3999999999996,36,259,445
2786.3999999999996,319,897,659
190.39999999999964,759,2099,2347
3665.3999999999996,222,242,420
4292.4,0,5,35
3469.3999999999996,97,229,687
2770.3999999999996,532,793,919
3741.3999999999996,29,277,335
1157.3999999999996,781,1614,1773
2506.3999999999996,756,1212,711
3817.3999999999996,60,185,335
2801.3999999999996,209,829,707
1278.3999999999996,530,1928,1189
1269.3999999999996,405,1207,2051
2588.3999999999996,159,551,1300
1663.3999999999996,354,968,1747
1434.3999999999996,144,1231,1893
2262.3999999999996,703,1367,768
549.3999999999996,481,1660,2216
696.3999999999996,480,1704,2240
630.3999999999996,653,1708,2111
594.3999999999996,506,1411,2378
3156.3999999999996,343,650,623
1179.3999999999996,409,1483,1785
2390.3999999999996,267,866,1202
1649.3999999999996,266,1007,1735
820.3999999999996,925,1746,2119
3894.3999999999996,35,120,313
356.39999999999964,557,1623,2514
44.399999999999636,578,1428,3011
125.39999999999964,428,1758,2632
3867.3999999999996,28,213,247
628.3999999999996,645,1902,1970
60.399999999999636,718,1623,2677
2650.3999999999996,158,647,1080
2389.3999999999996,625,1069,973
4281.4,5,32,24
71.39999999999964,910,1905,2497
4105.4,0,97,125
4200.4,0,100,37
3519.3999999999996,22,227,583
4071.3999999999996,12,117,141
1120.3999999999996,447,1371,1916
414.39999999999964,943,1927,2220
120.39999999999964,530,1806,2597
491.39999999999964,780,1830,2220
71.39999999999964,833,2136,2357
3453.3999999999996,121,248,638
2427.3999999999996,424,660,1286
2352.3999999999996,406,842,1200
73.39999999999964,458,1555,2959
644.3999999999996,945,1667,2106
940.3999999999996,672,1057,2342
3078.3999999999996,156,512,733
722.3999999999996,683,1782,1860
4052.3999999999996,11,143,132
2200.3999999999996,366,1294,1076
4021.3999999999996,92,204,114
831.3999999999996,853,1788,1906
2709.3999999999996,269,682,959
4120.4,95,207,90
23.399999999999636,752,1509,2900
3584.3999999999996,327,565,214
2368.3999999999996,552,968,1014
522.3999999999996,791,1958,1973
3825.3999999999996,55,149,400
3076.3999999999996,36,469,809
4307.4,0,20,0
1144.3999999999996,573,1626,1671
54.399999999999636,809,1909,2603
2271.3999999999996,360,824,1292
3503.3999999999996,227,445,404
1167.3999999999996,699,1564,1872
2760.3999999999996,368,763,906
1474.3999999999996,536,1560,1435
444.39999999999964,752,1601,2369
232.39999999999964,638,1663,2627
3992.3999999999996,137,172,181
81.39999999999964,1074,2301,2044
4103.4,0,14,224
3291.3999999999996,82,493,578
923.3999999999996,670,1545,1943
673.3999999999996,573,1902,2027
941.3999999999996,689,1355,2408
3820.3999999999996,146,321,208
3924.3999999999996,20,244,169
1891.3999999999996,365,1234,1265
1839.3999999999996,280,1089,1451
3585.3999999999996,37,266,481
1838.3999999999996,503,1158,1405
2304.3999999999996,317,944,1207
211.39999999999964,569,1553,2597
4117.4,1,93,209
680.3999999999996,857,1562,2232
3033.3999999999996,571,639,755
2774.3999999999996,364,800,821
3179.3999999999996,182,418,738
23.399999999999636,678,2040,2435
4033.3999999999996,104,152,149
3871.3999999999996,55,277,189
2907.3999999999996,286,396,1107
4214.4,4,14,109
1909.3999999999996,430,1405,1141
910.3999999999996,490,1239,2294
895.3999999999996,703,1735,1728
813.3999999999996,818,1535,2263
4307.4,10,20,10
2046.3999999999996,378,1144,1205
1453.3999999999996,474,1268,1714
1719.3999999999996,456,1273,1462
2366.3999999999996,432,1137,896
239.39999999999964,1002,1790,2385
2020.3999999999996,280,1317,1040
4181.4,14,29,124
688.3999999999996,878,1795,1945
3192.3999999999996,132,588,561
3930.3999999999996,0,27,375
4027.3999999999996,0,102,198
664.3999999999996,338,1571,2194
2718.3999999999996,361,910,871
1608.3999999999996,587,1539,1234
2109.3999999999996,545,1135,1269
3364.3999999999996,67,365,700
87.39999999999964,412,1951,2601
449.39999999999964,835,1918,2225
2470.3999999999996,137,889,1031
1894.3999999999996,373,1335,1120
1331.3999999999996,496,1493,1679
1754.3999999999996,446,868,1905
4311.4,14,14,2
1202.3999999999996,506,1357,2130
823.3999999999996,1098,1857,1759
86.39999999999964,732,1763,2663
1897.3999999999996,541,1263,1188
25.399999999999636,290,1739,2674
3892.3999999999996,28,141,299
3115.3999999999996,396,778,434
482.39999999999964,805,1927,2030
2820.3999999999996,340,699,935
2374.3999999999996,518,1080,898
3708.3999999999996,134,279,350
4159.4,36,144,34
2679.3999999999996,204,544,1247
932.3999999999996,985,1776,1692
4043.3999999999996,16,124,182
3553.3999999999996,211,240,539
534.3999999999996,648,1904,2224
4317.4,0,0,10
4124.4,5,105,108
1818.3999999999996,438,959,1697
186.39999999999964,812,1897,2382
4238.4,41,41,53
2955.3999999999996,56,567,858
4035.3999999999996,92,242,82
1573.3999999999996,723,1538,1310
281.39999999999964,688,1946,2199
3243.3999999999996,243,598,659
1910.3999999999996,464,937,1523
2275.3999999999996,187,794,1400
3803.3999999999996,230,360,204
1540.3999999999996,542,1507,1514
887.3999999999996,603,1350,2236
359.39999999999964,1097,2111,2240
3216.3999999999996,134,431,696
2843.3999999999996,391,743,743
2903.3999999999996,354,659,787
2477.3999999999996,367,893,977
3220.3999999999996,102,407,788
118.39999999999964,873,2031,2234
373.39999999999964,692,1790,2455
360.39999999999964,404,1602,2641
893.3999999999996,848,1503,2041
1324.3999999999996,462,1260,1797
1978.3999999999996,197,915,1592
3290.3999999999996,153,515,570
657.3999999999996,317,1055,2627
731.3999999999996,947,2455,1619
3504.3999999999996,199,391,412
2481.3999999999996,223,614,1361
861.3999999999996,614,1436,2190
2951.3999999999996,431,881,495
2504.3999999999996,305,785,1129
2073.3999999999996,412,895,1476
707.3999999999996,948,1754,1997
2925.3999999999996,312,666,778
3057.3999999999996,112,422,948
1911.3999999999996,485,1057,1421
3692.3999999999996,68,277,374
2920.3999999999996,321,912,605
2031.3999999999996,529,1451,981
3630.3999999999996,130,321,396
1712.3999999999996,232,959,1745
1100.3999999999996,343,1406,1867
1810.3999999999996,414,1028,1633
3001.3999999999996,247,704,739
989.3999999999996,560,1350,2137
2466.3999999999996,347,701,1196
2498.3999999999996,185,664,1198
317.39999999999964,673,1797,2446
2247.3999999999996,367,1061,1166
1423.3999999999996,702,1377,1556
2753.3999999999996,396,755,954
146.39999999999964,657,1513,2717
271.39999999999964,620,1750,2395
1326.3999999999996,307,1090,1959
3613.3999999999996,47,154,557
962.3999999999996,404,1401,2073
1988.3999999999996,366,714,1682
159.39999999999964,565,1334,3013
1503.3999999999996,400,1194,1654
781.3999999999996,327,899,2701
95.39999999999964,419,2062,2489
1121.3999999999996,492,1611,1934
3517.3999999999996,80,233,591
125.39999999999964,679,1802,2574
3716.3999999999996,57,289,329
3530.3999999999996,210,426,561
2189.3999999999996,172,1257,1027
3805.3999999999996,46,288,258
295.39999999999964,341,1560,2758
276.39999999999964,710,1874,2310
2977.3999999999996,162,429,939
766.3999999999996,698,1520,2285
1408.3999999999996,432,1399,1548
1829.3999999999996,423,1101,1503
3156.3999999999996,255,466,709
3956.3999999999996,14,209,235
562.3999999999996,717,1757,2098
1685.3999999999996,681,1224,1515
2524.3999999999996,680,1107,774
437.39999999999964,796,2287,1683
2240.3999999999996,251,948,1239
1507.3999999999996,846,1374,1477
3114.3999999999996,188,382,881
1078.3999999999996,551,1543,1947
99.39999999999964,641,1892,2550
2672.3999999999996,283,618,1109
90.39999999999964,515,2039,2356
1281.3999999999996,474,1401,1804
2272.3999999999996,290,846,1254
214.39999999999964,595,1903,2439
71.39999999999964,476,1728,2695
1266.3999999999996,505,1329,1933
2552.3999999999996,284,711,1200
1258.3999999999996,197,1290,1917
1696.3999999999996,725,1120,1593
1266.3999999999996,527,1384,1970
4097.4,20,20,210
2319.3999999999996,379,984,1231
351.39999999999964,894,1720,2535
2620.3999999999996,245,685,1080
3479.3999999999996,337,552,403
1629.3999999999996,416,1073,1755
1713.3999999999996,430,1227,1623
1912.3999999999996,600,989,1556
2019.3999999999996,401,1119,1277
4213.4,90,97,17
2086.3999999999996,441,1177,1176
3508.3999999999996,200,269,562
2032.3999999999996,130,1072,1313
2997.3999999999996,189,539,906
2596.3999999999996,490,995,812
2751.3999999999996,281,793,876
204.39999999999964,607,1440,2912
2979.3999999999996,264,449,901
651.3999999999996,836,1537,2301
801.3999999999996,958,2121,1507
3120.3999999999996,114,684,553
243.39999999999964,655,1747,2555
2467.3999999999996,205,738,1250
2713.3999999999996,516,940,798
655.3999999999996,762,1737,2289
1915.3999999999996,308,929,1610
3716.3999999999996,182,469,154
3541.3999999999996,326,486,300
658.3999999999996,745,1983,2002
3880.3999999999996,100,208,239
4034.3999999999996,8,100,193
1123.3999999999996,534,1666,1689
2125.3999999999996,616,1082,1191
800.3999999999996,559,1578,2047
217.39999999999964,734,2248,1957
2225.3999999999996,417,1115,1119
2018.3999999999996,707,1423,1000
3126.3999999999996,354,817,598
2231.3999999999996,323,987,1180
1019.3999999999996,695,1591,2069
3197.3999999999996,397,673,477
3611.3999999999996,224,348,388
3557.3999999999996,125,268,530
694.3999999999996,939,1877,2035
3699.3999999999996,8,198,520
1303.3999999999996,492,1539,1582
4065.3999999999996,12,102,170
997.3999999999996,662,1173,2192
2497.3999999999996,224,778,1077
2017.3999999999996,226,1000,1486
661.3999999999996,867,1672,2148
44.399999999999636,974,2193,2264
283.39999999999964,570,1689,2597
261.39999999999964,905,1903,2454
4020.3999999999996,12,101,263
839.3999999999996,614,1557,1951
2542.3999999999996,352,765,1133
1463.3999999999996,547,1207,1803
1957.3999999999996,178,1016,1445
3545.3999999999996,202,485,277
2628.3999999999996,358,736,1071
2469.3999999999996,347,852,1020
2195.3999999999996,406,1080,1274
1062.3999999999996,857,1872,1587
1926.3999999999996,556,1137,1310
2755.3999999999996,422,647,982
331.39999999999964,997,2486,1691
3109.3999999999996,186,415,856
2300.3999999999996,351,729,1355
1427.3999999999996,168,1294,1866
1548.3999999999996,266,1218,1601
3514.3999999999996,260,432,401
414.39999999999964,561,1713,2410
2849.3999999999996,295,656,879
1244.3999999999996,371,1356,1841
2892.3999999999996,201,720,749
656.3999999999996,288,1706,2119
1512.3999999999996,403,1222,1648
1595.3999999999996,344,1155,1777
1004.3999999999996,700,1822,1763
490.39999999999964,465,1813,2226
1660.3999999999996,507,1239,1468
2529.3999999999996,286,770,1062
3615.3999999999996,184,350,384
3665.3999999999996,187,454,310
3246.3999999999996,163,554,549
513.3999999999996,860,1791,2109
2482.3999999999996,580,887,1063
2564.3999999999996,543,761,1096
1034.3999999999996,843,1856,1676
4237.4,90,90,0
3957.3999999999996,90,270,100
3332.3999999999996,81,245,771
370.39999999999964,562,1913,2314
3629.3999999999996,112,284,424
779.3999999999996,359,1213,2504
3247.3999999999996,42,331,772
2923.3999999999996,455,742,812
2895.3999999999996,309,643,945
4012.3999999999996,101,103,212
3285.3999999999996,95,452,724
1338.3999999999996,460,1343,2016
771.3999999999996,339,1489,2202
3313.3999999999996,214,362,753
3873.3999999999996,103,249,240
1043.3999999999996,677,1310,2042
2503.3999999999996,445,956,932
2702.3999999999996,332,734,912
1090.3999999999996,453,1638,1748
511.39999999999964,1026,2094,1781
2611.3999999999996,303,927,832
376.39999999999964,866,1613,2583
2662.3999999999996,266,704,994
992.3999999999996,620,1469,2206
367.39999999999964,887,1756,2349
4203.4,35,50,79
460.39999999999964,956,1980,2056
201.39999999999964,900,2323,2094
2204.3999999999996,474,1118,1069
2875.3999999999996,249,662,889
185.39999999999964,681,1678,2888
740.3999999999996,828,1873,1857
2024.3999999999996,531,1394,1068
995.3999999999996,623,1909,1478
2795.3999999999996,250,513,1116
1114.3999999999996,911,1486,1720
36.399999999999636,867,2172,2414
2983.3999999999996,121,267,1126
234.39999999999964,715,1818,2502
927.3999999999996,669,1502,2084
537.3999999999996,494,1643,2551
1932.3999999999996,473,1232,1403
2611.3999999999996,555,932,801
3261.3999999999996,257,447,619
1248.3999999999996,671,1485,1816
210.39999999999964,855,2018,2317
2152.3999999999996,474,1070,1314
239.39999999999964,672,1740,2539
2178.3999999999996,493,775,1462
147.39999999999964,994,2316,2066
2631.3999999999996,207,479,1341
1296.3999999999996,363,1030,2048
3486.3999999999996,86,339,540
1358.3999999999996,403,1140,2103
3230.3999999999996,168,426,715
1451.3999999999996,599,1326,1637
1942.3999999999996,307,1123,1295
115.39999999999964,840,1769,2511
833.3999999999996,778,1613,2081
3497.3999999999996,66,403,462
3917.3999999999996,29,146,274
3933.3999999999996,179,284,112
2298.3999999999996,225,836,1295
253.39999999999964,863,1690,2458
1763.3999999999996,412,1040,1574
986.3999999999996,716,1534,1908
604.3999999999996,1038,1866,2168
1291.3999999999996,666,1926,1350
1109.3999999999996,482,1849,1600
3421.3999999999996,91,387,557
708.3999999999996,554,1754,2058
884.3999999999996,682,1377,2235
1775.3999999999996,371,1025,1652
2491.3999999999996,295,683,1172
145.39999999999964,737,1714,2691
2744.3999999999996,532,865,742
1699.3999999999996,507,1166,1653
3624.3999999999996,23,72,645
883.3999999999996,755,1502,2068
4145.4,31,120,137
1183.3999999999996,789,1798,1561
2553.3999999999996,243,566,1208
4097.4,30,125,110
662.3999999999996,490,1526,2326
2620.3999999999996,187,597,1150
225.39999999999964,963,2199,2112
2480.3999999999996,203,779,1196
2832.3999999999996,111,829,774
2923.3999999999996,263,861,745
2611.3999999999996,542,708,1123
1643.3999999999996,648,1340,1852
410.39999999999964,1157,2183,1976
351.39999999999964,780,1826,2445
1651.3999999999996,310,1096,1641
2973.3999999999996,149,548,913
2722.3999999999996,366,919,698
2301.3999999999996,551,927,1130
1180.3999999999996,348,1134,2037
477.39999999999964,907,1672,2289
3198.3999999999996,199,509,654
768.3999999999996,754,1664,2159
2534.3999999999996,225,817,1173
3688.3999999999996,59,271,380
1175.3999999999996,785,1599,1811
1116.3999999999996,586,1494,1868
671.3999999999996,659,1675,2391
3420.3999999999996,255,509,408
655.3999999999996,569,1447,2268
1462.3999999999996,670,1530,1540
1753.3999999999996,398,1102,1631
251.39999999999964,978,1771,2519
1240.3999999999996,517,1427,1947
1745.3999999999996,447,1179,1510
2681.3999999999996,242,800,1003
619.3999999999996,767,1821,2023
121.39999999999964,900,1997,2434
2706.3999999999996,389,831,833
2472.3999999999996,418,1039,831
2904.3999999999996,188,510,916
916.3999999999996,663,1662,1872
3370.3999999999996,438,672,323
3477.3999999999996,236,501,455
282.39999999999964,680,1947,2329
2080.3999999999996,377,1061,1291
2005.3999999999996,464,1209,1413
2283.3999999999996,269,772,1414
2929.3999999999996,139,652,798
1285.3999999999996,684,1101,1975
2140.3999999999996,526,1079,1158
3228.3999999999996,253,528,581
1394.3999999999996,640,1391,1707
1146.3999999999996,618,1415,1978
644.3999999999996,683,1674,2177
3211.3999999999996,243,572,559
1264.3999999999996,628,1621,1657
1474.3999999999996,663,1266,1966
797.3999999999996,768,1458,2187
2754.3999999999996,198,721,972
490.39999999999964,771,1564,2423
3290.3999999999996,241,574,615
2085.3999999999996,438,907,1491
2150.3999999999996,518,837,1401
1733.3999999999996,688,898,1769
3265.3999999999996,128,387,690
4034.3999999999996,1,103,190
2682.3999999999996,226,829,1019
1957.3999999999996,618,992,1413
813.3999999999996,338,1496,2353
1639.3999999999996,551,1052,1724
1473.3999999999996,384,1033,1966
480.39999999999964,646,1665,2287
1624.3999999999996,578,1370,1465
650.3999999999996,761,1943,1916
324.39999999999964,382,1779,2551
4060.3999999999996,127,174,113
2559.3999999999996,495,850,1029
3196.3999999999996,142,376,792
519.3999999999996,1010,2227,1783
1588.3999999999996,624,1266,1495
3722.3999999999996,32,170,441
3655.3999999999996,168,468,225
2493.3999999999996,173,517,1427
972.3999999999996,625,1875,1909
104.39999999999964,539,1656,2723
3822.3999999999996,15,154,356
1221.3999999999996,454,1472,1752
2948.3999999999996,164,642,778
382.39999999999964,876,1941,2242
2478.3999999999996,501,876,1103
1041.3999999999996,1007,1742,1722
2688.3999999999996,332,710,938
1123.3999999999996,561,1264,1952
4066.3999999999996,2,22,239
2146.3999999999996,465,911,1486
3274.3999999999996,171,423,655
2432.3999999999996,449,1039,879
1458.3999999999996,498,1045,2068
285.39999999999964,758,1810,2534
1867.3999999999996,778,1187,1395
97.39999999999964,869,2280,2107
65.39999999999964,845,1939,2455
2809.3999999999996,229,563,1000
3383.3999999999996,206,577,457
1881.3999999999996,515,1246,1367
2088.3999999999996,225,978,1277
530.3999999999996,588,1699,2355
1721.3999999999996,692,1614,1212
2739.3999999999996,392,730,912
3651.3999999999996,136,241,484
3635.3999999999996,10,255,527
396.39999999999964,683,1961,2164
1589.3999999999996,452,1223,1610
3885.3999999999996,90,123,336
781.3999999999996,389,1376,2287
592.3999999999996,741,1797,1985
366.39999999999964,649,2053,2226
2698.3999999999996,117,636,1019
2241.3999999999996,444,1319,1026
3596.3999999999996,17,169,574
757.3999999999996,603,1559,2275
351.39999999999964,569,1717,2369
1883.3999999999996,380,845,1641
3989.3999999999996,101,133,296
1282.3999999999996,704,1749,1577
771.3999999999996,366,1505,2243
599.3999999999996,832,1775,2169
2375.3999999999996,272,965,1200
1030.3999999999996,274,1448,1878
1916.3999999999996,456,881,1568
1798.3999999999996,579,1315,1258
391.39999999999964,695,1338,2648
2388.3999999999996,384,747,1230
3599.3999999999996,152,329,431
1246.3999999999996,490,1655,1464
148.39999999999964,439,1552,2672
1073.3999999999996,455,1343,2134
4247.4,2,24,56
3807.3999999999996,90,390,227
1918.3999999999996,731,1336,1222
4101.4,0,200,46
2781.3999999999996,471,912,640
4091.3999999999996,2,192,46
4150.4,135,161,46
1651.3999999999996,647,1256,1464
3298.3999999999996,181,407,676
2363.3999999999996,298,656,1328
3575.3999999999996,149,254,513
4012.3999999999996,126,178,179
1524.3999999999996,864,1384,1670
2221.3999999999996,191,831,1298
1417.3999999999996,632,1334,1829
3488.3999999999996,45,280,572
2310.3999999999996,435,1007,1039
2308.3999999999996,346,1048,1317
1441.3999999999996,422,1340,1579
3108.3999999999996,183,490,867
94.39999999999964,716,1899,2453
2960.3999999999996,197,517,950
3825.3999999999996,45,272,340
801.3999999999996,617,1741,2078
2877.3999999999996,337,914,636
700.3999999999996,670,1377,2317
2020.3999999999996,484,983,1347
2918.3999999999996,156,621,829
929.3999999999996,515,1519,2015
306.39999999999964,462,1562,2538
3259.3999999999996,142,329,761
990.3999999999996,645,1629,1869
2347.3999999999996,396,1015,975
3185.3999999999996,120,507,727
2355.3999999999996,211,890,1129
2822.3999999999996,492,648,857
2466.3999999999996,546,1237,870
4085.3999999999996,32,42,200
348.39999999999964,630,1452,2591
1610.3999999999996,561,1300,1487
3023.3999999999996,222,919,575
1816.3999999999996,244,900,1791
1283.3999999999996,541,1211,1969
3039.3999999999996,141,533,848
1926.3999999999996,315,1065,1465
486.39999999999964,726,1914,2146
4.399999999999636,1143,2637,2043
3377.3999999999996,249,367,602
3185.3999999999996,117,462,688
1235.3999999999996,539,1361,1973
2910.3999999999996,468,776,741
2903.3999999999996,345,610,942
38.399999999999636,871,2240,2298
191.39999999999964,701,1773,2426
3052.3999999999996,269,561,724
764.3999999999996,768,1599,2030
311.39999999999964,573,1914,2308
468.39999999999964,1000,1751,2247
1724.3999999999996,664,1166,1519
2032.3999999999996,260,987,1474
3644.3999999999996,28,231,492
533.3999999999996,547,1700,2302
609.3999999999996,508,1705,2277
2255.3999999999996,438,1167,982
1046.3999999999996,863,1987,1338
2379.3999999999996,366,901,1069
1925.3999999999996,693,1179,1369
2776.3999999999996,210,811,801
2269.3999999999996,402,1004,1207
1395.3999999999996,417,1251,1708
99.39999999999964,1281,2295,2077
458.39999999999964,484,1935,2031
2207.3999999999996,338,791,1535
1440.3999999999996,511,1580,1617
1303.3999999999996,850,1327,1720
4278.4,34,34,20
3201.3999999999996,94,376,760
1512.3999999999996,617,1252,1651
4174.4,5,103,50
661.3999999999996,446,1567,2184
3560.3999999999996,38,477,534
4195.4,20,110,22
1018.3999999999996,661,1737,1684
1080.3999999999996,945,1938,1367
1553.3999999999996,479,1202,1705
637.3999999999996,932,1596,2213
4038.3999999999996,41,48,241
1519.3999999999996,646,1286,1599
2507.3999999999996,250,1014,965
4292.4,0,0,35
240.39999999999964,851,1743,2535
591.3999999999996,742,1681,2243
702.3999999999996,719,1682,2113
1155.3999999999996,613,1567,1773
238.39999999999964,990,2050,2273
2355.3999999999996,424,959,1154
3883.3999999999996,109,210,244
1848.3999999999996,344,922,1654
3833.3999999999996,10,42,462
222.39999999999964,975,1930,2269
932.3999999999996,373,1314,2151
105.39999999999964,972,1872,2518
2055.3999999999996,432,1150,1179
3969.3999999999996,46,88,270
2919.3999999999996,55,478,1038
380.39999999999964,694,2073,2030
4194.4,90,98,35
2156.3999999999996,407,1093,1218
2572.3999999999996,333,527,1348
1248.3999999999996,495,1293,2004
653.3999999999996,715,1467,2421
2718.3999999999996,311,833,863
749.3999999999996,689,1645,2104
206.39999999999964,804,1885,2305
1904.3999999999996,352,931,1507
372.39999999999964,397,1841,2182
1923.3999999999996,673,1467,1130
3516.3999999999996,112,251,582
2232.3999999999996,513,920,1224
3194.3999999999996,400,500,657
1174.3999999999996,910,1920,1277
1466.3999999999996,717,1134,1776
2116.3999999999996,291,1091,1162
50.399999999999636,889,1876,2575
4169.4,8,63,100
1017.3999999999996,614,1562,2072
2581.3999999999996,225,779,1001
2883.3999999999996,141,581,963
398.39999999999964,656,1864,2287
1762.3999999999996,646,1437,1195
598.3999999999996,647,1382,2495
2057.3999999999996,401,809,1492
2071.3999999999996,461,1075,1295
1615.3999999999996,315,1241,1687
4124.4,90,182,111
1707.3999999999996,535,1181,1643
2025.3999999999996,643,929,1520
42.399999999999636,977,1839,2649
2937.3999999999996,427,977,449
2850.3999999999996,313,606,875
1298.3999999999996,811,1496,1889
2318.3999999999996,457,991,1109
3416.3999999999996,125,489,562
2637.3999999999996,197,596,1111
2087.3999999999996,241,1016,1293
547.3999999999996,791,1756,2297
1768.3999999999996,371,1260,1392
2690.3999999999996,168,758,997
1281.3999999999996,782,1703,1480
3431.3999999999996,101,253,645
3420.3999999999996,186,445,479
2069.3999999999996,571,1176,1134
2521.3999999999996,374,794,1054
4206.4,0,90,31
1207.3999999999996,308,1075,2189
2009.3999999999996,675,1198,1258
3482.3999999999996,167,263,624
1472.3999999999996,613,1591,1400
4222.4,0,2,105
2643.3999999999996,255,603,1203
1684.3999999999996,481,1075,1666
3897.3999999999996,132,379,128
2366.3999999999996,176,1041,1038
107.39999999999964,804,1871,2513
3852.3999999999996,130,162,313
655.3999999999996,1034,1857,2101
384.39999999999964,621,1670,2431
769.3999999999996,690,1851,1933
4190.4,10,42,105
3159.3999999999996,11,281,914
2502.3999999999996,301,551,1289
2080.3999999999996,457,957,1331
3655.3999999999996,56,182,497
1511.3999999999996,500,1102,1939
2458.3999999999996,231,806,1154
3987.3999999999996,110,220,140
1348.3999999999996,708,1561,1540
2013.3999999999996,550,1129,1415
2308.3999999999996,543,1116,946
374.39999999999964,582,1859,2420
816.3999999999996,391,1607,2115
3965.3999999999996,36,125,250
1437.3999999999996,576,1541,1598
1671.3999999999996,539,1244,1466
4311.4,16,16,0
1167.3999999999996,732,1849,1641
4215.4,0,12,100
3867.3999999999996,135,202,374
2657.3999999999996,219,591,1132
1573.3999999999996,596,1275,1639
2054.3999999999996,550,1019,1392
2227.3999999999996,399,849,1366
1782.3999999999996,546,1007,1589
357.39999999999964,928,1869,2229
1170.3999999999996,640,1344,1945
2084.3999999999996,603,901,1636
446.39999999999964,733,1360,2949
2225.3999999999996,281,727,1421
1445.3999999999996,434,1338,1659
2340.3999999999996,445,839,1172
2156.3999999999996,239,980,1335
4146.4,90,110,71
1970.3999999999996,377,1043,1348
2703.3999999999996,515,774,935
3269.3999999999996,263,525,558
1182.3999999999996,422,1265,2029
2306.3999999999996,386,1149,1019
1026.3999999999996,415,1330,2195
2441.3999999999996,150,711,1205
1027.3999999999996,448,1339,2170
2879.3999999999996,315,798,947
2628.3999999999996,285,847,882
2418.3999999999996,472,779,1284
396.39999999999964,771,1321,2695
1326.3999999999996,560,1351,1739
1711.3999999999996,246,821,1813
3125.3999999999996,124,525,687
1191.3999999999996,476,1367,2034
1434.3999999999996,550,1384,1630
3610.3999999999996,241,453,294
1207.3999999999996,543,1237,1933
4101.4,20,74,162
2651.3999999999996,160,935,753
587.3999999999996,880,1980,1900
3549.3999999999996,152,501,407
82.39999999999964,725,2067,2356
2950.3999999999996,320,684,740
718.3999999999996,550,1735,2015
3539.3999999999996,296,495,446
311.39999999999964,1196,2040,2146
785.3999999999996,839,1489,2147
100.39999999999964,798,1922,2429
1165.3999999999996,593,1296,1919
2727.3999999999996,474,840,868
3790.3999999999996,29,105,452
4141.4,115,130,66
28.399999999999636,1062,2268,2375
343.39999999999964,475,2150,2001
1737.3999999999996,241,1058,1654
3393.3999999999996,222,589,355
1043.3999999999996,463,1531,1935
1110.3999999999996,480,1168,2124
2991.3999999999996,138,685,690
142.39999999999964,481,1839,2671
1285.3999999999996,402,1226,1836
1928.3999999999996,342,1117,1612
2079.3999999999996,284,1064,1370
4103.4,30,207,29
1121.3999999999996,665,1503,1842
2931.3999999999996,320,674,762
1164.3999999999996,680,1551,1774
1873.3999999999996,276,1011,1465
2959.3999999999996,328,650,739
2823.3999999999996,377,924,592
1458.3999999999996,282,1170,1864
134.39999999999964,605,2064,2357
2506.3999999999996,229,603,1334
357.39999999999964,957,2114,2075
2767.3999999999996,427,714,948
1392.3999999999996,513,1248,1751
1734.3999999999996,370,1289,1446
1101.3999999999996,542,1462,1935
159.39999999999964,988,2302,2092
3522.3999999999996,124,265,563
2692.3999999999996,365,530,1119
457.39999999999964,812,1864,2144
1785.3999999999996,613,1507,1304
2522.3999999999996,528,1219,720
1887.3999999999996,552,1331,1148
2867.3999999999996,226,664,948
3773.3999999999996,110,200,354
1233.3999999999996,795,1465,1681
1841.3999999999996,247,833,1817
3879.3999999999996,119,146,302
2888.3999999999996,487,837,632
1122.3999999999996,613,1080,2184
2563.3999999999996,423,1044,823
532.3999999999996,644,1697,2279
1594.3999999999996,463,1234,1667
1442.3999999999996,620,1326,1712
2359.3999999999996,427,986,1074
849.3999999999996,660,1593,2114
1288.3999999999996,536,1319,1850
2755.3999999999996,397,955,742
3626.3999999999996,132,251,552
1299.3999999999996,521,1188,2153
2972.3999999999996,250,554,849
1239.3999999999996,524,1258,1881
301.39999999999964,768,1446,2711
405.39999999999964,758,1800,2192
1261.3999999999996,367,1690,1661
1575.3999999999996,398,922,2068
903.3999999999996,578,1722,1760
2206.3999999999996,433,953,1264
1843.3999999999996,606,1142,1571
2175.3999999999996,447,1269,1015
470.39999999999964,673,1526,2598
677.3999999999996,856,2177,1662
2584.3999999999996,395,884,892
1248.3999999999996,1005,1917,1264
4151.4,2,12,164
1943.3999999999996,270,830,1625
525.3999999999996,645,2355,1656
1570.3999999999996,590,1063,1904
4225.4,0,0,102
4037.3999999999996,27,116,196
3266.3999999999996,302,637,552
1089.3999999999996,554,1510,1990
1032.3999999999996,570,1722,1753
236.39999999999964,810,2363,1913
4206.4,10,12,109
2289.3999999999996,353,922,1145
467.39999999999964,638,1710,2387
1398.3999999999996,555,1293,1778
1374.3999999999996,821,1495,1635
2035.3999999999996,517,910,1443
793.3999999999996,745,1426,2156
51.399999999999636,891,2300,2155
2543.3999999999996,312,841,967
387.39999999999964,809,1484,2609
2339.3999999999996,365,772,1261
307.39999999999964,789,1810,2545
3170.3999999999996,341,573,584
2211.3999999999996,416,1003,1126
12.399999999999636,825,1910,2444
2822.3999999999996,174,742,857
806.3999999999996,901,1590,2208
1388.3999999999996,405,1344,1711
1941.3999999999996,459,1092,1339
1084.3999999999996,383,1445,1982
293.39999999999964,842,1825,2303
2167.3999999999996,272,877,1435
2314.3999999999996,420,947,1120
1949.3999999999996,307,993,1409
256.39999999999964,462,1640,2652
779.3999999999996,268,1246,2388
1363.3999999999996,288,1420,1727
3860.3999999999996,106,255,222
66.39999999999964,819,1965,2351
453.39999999999964,1034,2022,1999
1356.3999999999996,534,1501,1563
2395.3999999999996,275,1045,999
1765.3999999999996,548,1079,1540
1113.3999999999996,524,1343,1924
3488.3999999999996,131,382,587
3708.3999999999996,8,221,398
3681.3999999999996,52,186,467
116.39999999999964,773,2107,2195
892.3999999999996,425,1470,2049
1130.3999999999996,650,1462,1821
1091.3999999999996,579,1806,1508
2030.3999999999996,273,944,1508
808.3999999999996,562,1900,1755
2971.3999999999996,236,650,706
261.39999999999964,424,1795,2417
1442.3999999999996,483,1570,1369
941.3999999999996,455,1441,2129
683.3999999999996,412,1768,2021
3866.3999999999996,210,301,140
3175.3999999999996,245,317,931
806.3999999999996,587,1538,2225
1833.3999999999996,745,1234,1422
2146.3999999999996,242,1245,974
3847.3999999999996,8,190,300
956.3999999999996,603,1946,1503
3980.3999999999996,18,48,299
1079.3999999999996,477,1306,2075
1601.3999999999996,577,1311,1538
2425.3999999999996,458,963,943
1264.3999999999996,459,1097,2032
975.3999999999996,1087,1779,1691
2305.3999999999996,373,841,1221
1663.3999999999996,286,899,1947
115.39999999999964,932,1927,2452
2978.3999999999996,187,432,929
1929.3999999999996,722,1193,1439
540.3999999999996,499,1637,2322
2561.3999999999996,417,800,1023
4092.3999999999996,10,120,205
2665.3999999999996,317,943,884
1523.3999999999996,633,1399,1572
105.39999999999964,693,1526,2956
1223.3999999999996,787,1371,1763
2561.3999999999996,539,780,1144
1351.3999999999996,578,1480,1613
3605.3999999999996,58,245,500
4113.4,10,190,24
1628.3999999999996,542,904,1828
3373.3999999999996,166,457,505
2642.3999999999996,270,760,940
2258.3999999999996,315,1130,996
749.3999999999996,383,1360,2391
1648.3999999999996,416,1602,1148
464.39999999999964,455,1486,2543
2908.3999999999996,271,668,793
1857.3999999999996,489,1203,1296
859.3999999999996,595,1468,2126
529.3999999999996,693,1591,2301
2073.3999999999996,580,1131,1153
2413.3999999999996,373,867,1093
1028.3999999999996,912,1999,1380
3568.3999999999996,251,499,372
640.3999999999996,933,1931,1894
2628.3999999999996,54,507,1194
1383.3999999999996,457,1265,1761
193.39999999999964,626,1878,2453
2300.3999999999996,447,751,1311
1952.3999999999996,210,1056,1586
1745.3999999999996,809,1273,1351
3672.3999999999996,376,493,262
734.3999999999996,653,1978,1682
3275.3999999999996,150,379,714
1082.3999999999996,602,1797,1805
1283.3999999999996,605,1364,1753
2786.3999999999996,288,831,857
1330.3999999999996,765,1430,1801
4315.4,0,0,12
49.399999999999636,593,1691,2882
3804.3999999999996,46,159,382
94.39999999999964,782,2040,2508
3280.3999999999996,351,578,519
946.3999999999996,587,1174,2268
1506.3999999999996,644,1580,1287
1438.3999999999996,890,1336,1721
3260.3999999999996,217,564,773
611.3999999999996,732,1648,2299
3278.3999999999996,48,117,934
3331.3999999999996,292,552,456
4276.4,10,27,36
3409.3999999999996,146,440,576
3556.3999999999996,233,354,507
706.3999999999996,697,1537,2121
2647.3999999999996,264,492,1217
3033.3999999999996,102,805,611
2217.3999999999996,156,886,1282
970.3999999999996,654,1851,1741
242.39999999999964,628,1489,2779
1058.3999999999996,367,1590,1821
4300.4,5,7,20
2342.3999999999996,581,958,1210
3071.3999999999996,374,661,603
1833.3999999999996,498,1162,1361
870.3999999999996,728,1905,1793
2677.3999999999996,270,670,1070
17.399999999999636,751,1636,2820
2130.3999999999996,504,969,1319
830.3999999999996,503,1296,2359
3474.3999999999996,51,487,400
2375.3999999999996,315,822,1172
892.3999999999996,345,1560,1947
1072.3999999999996,624,1636,1690
2233.3999999999996,348,671,1482
4295.4,0,0,32
1585.3999999999996,419,1430,1482
3707.3999999999996,136,326,296
1132.3999999999996,566,1893,1489
679.3999999999996,798,1582,2421
1753.3999999999996,376,1020,1586
2134.3999999999996,178,878,1496
1243.3999999999996,477,1211,1993
234.39999999999964,1182,2470,1725
1921.3999999999996,280,909,1536
1229.3999999999996,551,1564,1687
629.3999999999996,759,1741,2162
2350.3999999999996,155,755,1464
3567.3999999999996,196,462,310
1936.3999999999996,242,1006,1533
3049.3999999999996,165,388,925
3458.3999999999996,259,521,352
1388.3999999999996,328,1280,1723
1381.3999999999996,578,1276,1788
2735.3999999999996,353,949,824
1293.3999999999996,551,1189,1938
2150.3999999999996,166,948,1427
1831.3999999999996,457,1132,1574
3741.3999999999996,125,242,344
3419.3999999999996,296,563,357
2143.3999999999996,570,1119,1167
1538.3999999999996,222,1185,1748
1479.3999999999996,313,1106,1911
3053.3999999999996,224,631,654
1750.3999999999996,310,1215,1408
2803.3999999999996,237,899,750
174.39999999999964,870,2210,2360
1606.3999999999996,694,1256,1653
2990.3999999999996,261,559,811
543.3999999999996,690,1544,2391
1032.3999999999996,446,1331,2099
2323.3999999999996,362,529,1512
658.3999999999996,618,1759,2145
2873.3999999999996,174,802,733
1103.3999999999996,425,1388,1985
168.39999999999964,580,1787,2513
3575.3999999999996,248,421,341
1192.3999999999996,333,1126,2143
847.3999999999996,734,1789,1958
1243.3999999999996,570,1655,1619
1587.3999999999996,603,1514,1491
1425.3999999999996,447,1548,1643
3694.3999999999996,105,122,521
1291.3999999999996,511,1172,2027
1806.3999999999996,378,1042,1545
2209.3999999999996,290,736,1471
1650.3999999999996,185,774,1997
1709.3999999999996,442,925,1781
3843.3999999999996,5,107,454
4220.4,22,102,30
639.3999999999996,549,1477,2454
740.3999999999996,589,1621,2234
4170.4,45,78,100
3007.3999999999996,246,626,840
3133.3999999999996,279,622,616
513.3999999999996,622,1508,2611
3305.3999999999996,159,638,415
2959.3999999999996,276,595,793
3220.3999999999996,320,701,648
203.39999999999964,672,1591,2747
545.3999999999996,596,1431,2497
1594.3999999999996,528,1201,1790
2480.3999999999996,177,624,1225
1864.3999999999996,305,669,1821
1392.3999999999996,532,1375,1704
4177.4,18,33,117
500.39999999999964,854,1685,2374
925.3999999999996,700,1495,2075
2990.3999999999996,273,621,872
4061.3999999999996,141,199,87
3287.3999999999996,316,557,566
2339.3999999999996,347,801,1318
4135.4,2,187,5
312.39999999999964,889,1919,2155
3846.3999999999996,10,166,325
1883.3999999999996,366,1384,1221
2345.3999999999996,108,1156,944
268.39999999999964,422,2089,2130
4237.4,0,90,0
2650.3999999999996,77,637,1064
1534.3999999999996,608,1005,1863
3522.3999999999996,230,419,400
3833.3999999999996,61,119,385
180.39999999999964,758,1908,2488
1990.3999999999996,170,946,1415
4171.4,95,95,61
3438.3999999999996,39,383,516
2822.3999999999996,174,543,1050
1544.3999999999996,574,1223,1634
3556.3999999999996,103,318,480
139.39999999999964,939,2154,2268
2432.3999999999996,428,1018,979
1631.3999999999996,253,924,1865
1876.3999999999996,387,1140,1336
8.399999999999636,715,1911,2647
4194.4,14,33,110
3003.3999999999996,330,738,793
2602.3999999999996,475,1015,756
2952.3999999999996,185,454,1028
3775.3999999999996,153,303,269
1592.3999999999996,573,1261,1632
22.399999999999636,806,2019,2356
1245.3999999999996,537,1266,1897
642.3999999999996,912,1581,2132
3690.3999999999996,46,272,415
2954.3999999999996,253,569,819
2339.3999999999996,73,740,1443
3538.3999999999996,118,320,474
374.39999999999964,611,2313,1816
33.399999999999636,507,1804,2611
2589.3999999999996,392,849,1021
3163.3999999999996,330,646,668
3979.3999999999996,102,245,123
1062.3999999999996,843,1568,1928
3397.3999999999996,219,408,549
448.39999999999964,557,1969,2139
3351.3999999999996,155,435,631
658.3999999999996,747,1853,2046
2622.3999999999996,689,1126,704
3141.3999999999996,309,822,538
3954.3999999999996,137,250,123
2386.3999999999996,123,617,1374
2426.3999999999996,379,872,1073
1781.3999999999996,524,1102,1561
4095.3999999999996,0,15,217
3643.3999999999996,125,313,408
4177.4,20,130,20
498.39999999999964,742,2013,1886
3542.3999999999996,99,510,362
1470.3999999999996,559,1778,1205
2923.3999999999996,194,735,669
2919.3999999999996,144,704,778
767.3999999999996,563,1504,2153
296.39999999999964,727,2277,1960
2063.3999999999996,559,1051,1252
3871.3999999999996,2,229,227
2925.3999999999996,201,672,927
1518.3999999999996,510,999,1866
1306.3999999999996,629,1744,1483
1978.3999999999996,203,719,1719
1692.3999999999996,415,1147,1697
926.3999999999996,812,1855,1848
85.39999999999964,814,1800,2570
973.3999999999996,673,1436,2108
4098.4,13,20,209
3540.3999999999996,50,357,435
850.3999999999996,892,2033,1569
346.39999999999964,869,2160,1875
1241.3999999999996,709,1605,1607
1192.3999999999996,542,1493,1865
3794.3999999999996,135,327,211
2502.3999999999996,149,681,1262
3026.3999999999996,220,820,605
3534.3999999999996,130,302,529
4275.4,0,10,42
1482.3999999999996,409,1170,1735
4307.4,10,10,20
569.3999999999996,941,1837,2079
4175.4,110,122,30
2111.3999999999996,406,943,1385
591.3999999999996,519,1936,2197
3153.3999999999996,88,454,818
1405.3999999999996,389,1316,1782
787.3999999999996,715,1807,1917
2641.3999999999996,289,1055,611
2883.3999999999996,267,754,721
3528.3999999999996,156,404,424
3470.3999999999996,218,459,512
778.3999999999996,851,1895,1913
3736.3999999999996,100,190,491
154.39999999999964,916,1957,2350
2514.3999999999996,210,754,1188
1919.3999999999996,224,957,1629
3185.3999999999996,127,641,522
3274.3999999999996,69,327,746
1536.3999999999996,725,1562,1286
1756.3999999999996,365,1213,1470
720.3999999999996,771,1662,2043
802.3999999999996,820,1584,2125
3297.3999999999996,225,441,585
3355.3999999999996,71,385,635
43.399999999999636,793,2200,2224
1881.3999999999996,45,780,1716
4118.4,95,97,112
1297.3999999999996,351,1422,1622
157.39999999999964,565,2018,2331
708.3999999999996,714,2043,1735
2664.3999999999996,478,970,914
1054.3999999999996,687,1617,1850
2350.3999999999996,405,730,1379
3875.3999999999996,127,321,228
2710.3999999999996,76,675,1066
1294.3999999999996,771,1590,1632
979.3999999999996,262,1154,2368
931.3999999999996,464,1147,2361
3649.3999999999996,52,209,491
4057.3999999999996,0,0,270
3605.3999999999996,236,477,247
345.39999999999964,753,1849,2312
1414.3999999999996,638,1385,1670
774.3999999999996,654,1527,2171
1330.3999999999996,698,1165,1959
4282.4,0,0,45
729.3999999999996,599,1748,2036
1975.3999999999996,365,989,1373
520.3999999999996,608,1522,2520
1033.3999999999996,528,1584,1994
89.39999999999964,484,1957,2426
1519.3999999999996,413,1336,1534
3768.3999999999996,230,383,176
3234.3999999999996,201,516,622
1583.3999999999996,447,1210,1783
2623.3999999999996,454,882,870
3017.3999999999996,287,531,785
1337.3999999999996,751,1623,1515
3729.3999999999996,137,344,258
393.39999999999964,585,1751,2599
1117.3999999999996,591,1163,2110
1208.3999999999996,832,1719,1482
636.3999999999996,562,1651,2186
1495.3999999999996,715,1279,1728
3902.3999999999996,102,329,220
2543.3999999999996,138,718,1192
190.39999999999964,946,1760,2438
1539.3999999999996,511,1200,1673
816.3999999999996,562,1486,2274
1591.3999999999996,146,1216,1610
1415.3999999999996,542,1607,1638
0.3999999999996362,1017,2280,2388
585.3999999999996,959,1720,2156
955.3999999999996,299,1351,2237
2759.3999999999996,254,676,952
370.39999999999964,735,1542,2605
1413.3999999999996,429,1223,1732
3030.3999999999996,354,452,867
2284.3999999999996,526,1070,1048
3697.3999999999996,202,358,284
2768.3999999999996,323,801,878
2878.3999999999996,175,564,908
81.39999999999964,963,2312,2122
86.39999999999964,788,1666,2653
3064.3999999999996,301,531,742
2588.3999999999996,231,383,1370
1166.3999999999996,817,1580,1706
3126.3999999999996,266,652,593
927.3999999999996,342,1208,2494
2820.3999999999996,251,654,885
2727.3999999999996,325,1061,520
1481.3999999999996,409,1451,1540
845.3999999999996,325,1765,1749
1022.3999999999996,483,1283,2141
1136.3999999999996,566,1141,2120
810.3999999999996,780,1594,1961
280.39999999999964,995,2410,1741
389.39999999999964,1037,2288,2015
2121.3999999999996,704,1123,1088
2344.3999999999996,465,805,1259
1485.3999999999996,532,969,2026
4179.4,41,61,89
552.3999999999996,431,1482,2517
1458.3999999999996,483,1758,1278
3881.3999999999996,10,244,226
2442.3999999999996,473,847,1109
917.3999999999996,818,1683,2148
1156.3999999999996,517,1269,1948
3067.3999999999996,318,715,672
3840.3999999999996,202,216,273
768.3999999999996,686,1712,1981
3242.3999999999996,297,555,581
905.3999999999996,781,1745,1815
2299.3999999999996,221,934,1178
2206.3999999999996,334,889,1298
377.39999999999964,650,1563,2558
937.3999999999996,357,1242,2356
1962.3999999999996,354,1147,1542
1787.3999999999996,654,1048,1542
450.39999999999964,838,2097,1822
2087.3999999999996,488,1266,1120
1393.3999999999996,241,1297,1813
1937.3999999999996,519,935,1504
1320.3999999999996,494,1490,1777
849.3999999999996,540,1176,2441
51.399999999999636,506,1884,2648
1367.3999999999996,609,1346,1982
1945.3999999999996,629,1146,1274
3266.3999999999996,146,387,701
3052.3999999999996,169,398,906
490.39999999999964,333,1166,2834
3199.3999999999996,74,231,909
114.39999999999964,660,1993,2448
1819.3999999999996,737,1182,1526
2844.3999999999996,184,1017,496
1132.3999999999996,634,1556,1900
162.39999999999964,744,1823,2630
566.3999999999996,822,2011,1949
2633.3999999999996,205,697,1043
526.3999999999996,820,1658,2251
514.3999999999996,736,1788,2349
2833.3999999999996,182,1084,520
1298.3999999999996,814,1731,1466
2224.3999999999996,381,897,1358
455.39999999999964,698,1641,2487
829.3999999999996,1060,1748,1982
3148.3999999999996,326,680,590
911.3999999999996,306,1354,2218
3310.3999999999996,191,347,674
343.39999999999964,496,1345,2777
3090.3999999999996,227,675,588
3079.3999999999996,404,580,678
129.39999999999964,696,1634,2730
1621.3999999999996,667,1579,1272
1170.3999999999996,745,1720,1496
3290.3999999999996,95,360,694
34.399999999999636,911,2141,2401
3566.3999999999996,164,387,416
293.39999999999964,1153,1750,2402
3745.3999999999996,52,140,464
2687.3999999999996,421,766,1098
1287.3999999999996,470,1621,1655
1224.3999999999996,448,1603,1550
1650.3999999999996,721,1215,1570
1369.3999999999996,716,1511,1602
1998.3999999999996,392,1218,1198
328.39999999999964,723,1479,2779
4225.4,90,100,92
897.3999999999996,457,1255,2425
931.3999999999996,583,1360,2149
2773.3999999999996,519,930,766
2527.3999999999996,197,801,1109
2574.3999999999996,175,691,1086
241.39999999999964,836,2119,2163
742.3999999999996,420,1493,2174
4181.4,2,131,129
10.399999999999636,560,1578,2821
2359.3999999999996,344,859,1237
3641.3999999999996,31,166,530
3935.3999999999996,2,226,176
759.3999999999996,440,1481,2157
358.39999999999964,944,2201,1969
859.3999999999996,575,1945,1687
94.39999999999964,803,2079,2415
3033.3999999999996,524,690,824
145.39999999999964,725,1862,2632
2555.3999999999996,318,881,931
580.3999999999996,384,1510,2389
2143.3999999999996,516,1163,1061
1015.3999999999996,633,1664,1871
3512.3999999999996,240,460,468
2274.3999999999996,242,1116,1208
3756.3999999999996,222,245,325
165.39999999999964,643,1954,2671
1026.3999999999996,751,1672,1796
420.39999999999964,546,1588,2464
2368.3999999999996,308,786,1285
4085.3999999999996,0,122,140
424.39999999999964,624,1656,2433
3070.3999999999996,255,570,697
1777.3999999999996,251,1207,1549
3625.3999999999996,199,539,173
41.399999999999636,920,2165,2430
407.39999999999964,864,1880,2255
2464.3999999999996,187,688,1192
3007.3999999999996,186,556,866
440.39999999999964,914,2237,1947
1358.3999999999996,689,1542,1695
2901.3999999999996,209,735,750
2409.3999999999996,162,902,1062
943.3999999999996,687,1346,2159
1950.3999999999996,295,1078,1443
4139.4,88,110,78
58.399999999999636,819,2038,2309
389.39999999999964,875,1724,2373
1718.3999999999996,803,1287,1340
1439.3999999999996,621,1180,1960
3010.3999999999996,181,617,741
1671.3999999999996,300,1014,1796
4091.3999999999996,0,24,212
880.3999999999996,541,1649,1919
1662.3999999999996,726,1136,1554
623.3999999999996,453,1748,2074
687.3999999999996,690,1731,2050
385.39999999999964,813,1546,2435
3018.3999999999996,220,682,722
441.39999999999964,795,1707,2336
4315.4,0,10,12
1031.3999999999996,1056,1582,1788
767.3999999999996,734,1820,1946
2799.3999999999996,490,899,741
36.399999999999636,880,2534,2024
2207.3999999999996,174,890,1269
3100.3999999999996,166,667,567
1761.3999999999996,302,1350,1258
1391.3999999999996,378,1125,2106
3951.3999999999996,12,142,232
2097.3999999999996,287,975,1354
792.3999999999996,640,1409,2447
2567.3999999999996,260,538,1235
3678.3999999999996,235,359,307
2501.3999999999996,465,1029,909
1512.3999999999996,642,1253,1687
2695.3999999999996,336,822,855
3924.3999999999996,180,220,183
3301.3999999999996,26,580,458
1177.3999999999996,188,1411,2024
579.3999999999996,972,1768,2033
1475.3999999999996,670,1466,1726
1593.3999999999996,394,1034,1812
1827.3999999999996,576,1414,1165
2760.3999999999996,373,955,674
3569.3999999999996,186,409,357
4003.3999999999996,72,292,42
109.39999999999964,935,2085,2388
553.3999999999996,925,1948,2021
1510.3999999999996,393,1056,1820
4000.3999999999996,10,147,200
746.3999999999996,512,1498,2247
311.39999999999964,716,1976,2406
1055.3999999999996,933,1614,1789
4188.4,25,27,117
3215.3999999999996,349,556,843
2990.3999999999996,29,539,909
2859.3999999999996,184,741,754
286.39999999999964,694,1677,2393
1398.3999999999996,344,1342,1717
2213.3999999999996,315,881,1244
518.3999999999996,659,1549,2468
1351.3999999999996,696,1699,1438
1777.3999999999996,517,1133,1635
1766.3999999999996,440,1133,1670
1511.3999999999996,812,1598,1247
34.399999999999636,499,1343,3162
3483.3999999999996,217,371,503
3811.3999999999996,173,290,266
3260.3999999999996,121,290,807
1356.3999999999996,534,1833,1198
3979.3999999999996,20,130,308
1658.3999999999996,461,1367,1464
3252.3999999999996,84,581,616
3850.3999999999996,12,17,460
3244.3999999999996,83,297,818
1377.3999999999996,486,1443,1756
3420.3999999999996,211,508,453
2515.3999999999996,175,788,1158
453.39999999999964,797,1572,2395
955.3999999999996,593,1621,1929
1619.3999999999996,431,1213,1692
3106.3999999999996,203,652,682
1718.3999999999996,656,1134,1648
298.39999999999964,904,2312,1956
1208.3999999999996,446,1550,1666
471.39999999999964,202,1384,2632
3676.3999999999996,230,442,229
3939.3999999999996,15,137,263
9.399999999999636,1207,2274,2305
3011.3999999999996,273,800,697
2821.3999999999996,407,527,1014
932.3999999999996,786,1695,1905
475.39999999999964,758,2090,1914
1846.3999999999996,565,1129,1597
1508.3999999999996,269,939,2117
224.39999999999964,509,1490,2704
1404.3999999999996,209,883,2208
1295.3999999999996,759,1360,1711
1076.3999999999996,746,1560,1942
3879.3999999999996,272,312,134
358.39999999999964,805,1776,2408
3194.3999999999996,221,713,514
2937.3999999999996,180,762,666
1509.3999999999996,385,1051,1902
1945.3999999999996,382,595,1927
3412.3999999999996,128,375,640
2321.3999999999996,279,865,1205
2638.3999999999996,435,762,954
1599.3999999999996,604,1325,1560
1497.3999999999996,425,1214,1758
1838.3999999999996,573,1390,1186
506.39999999999964,687,1411,2647
308.39999999999964,794,1745,2341
4211.4,0,90,26
1155.3999999999996,364,1250,2046
1808.3999999999996,461,922,1675
3516.3999999999996,192,421,390
1302.3999999999996,637,1541,1528
2373.3999999999996,249,707,1270
1567.3999999999996,546,1175,1678
3880.3999999999996,13,120,330
2958.3999999999996,185,859,642
3961.3999999999996,34,60,288
933.3999999999996,506,1298,2191
1728.3999999999996,288,830,1864
1640.3999999999996,568,1127,1602
2841.3999999999996,336,654,929
1752.3999999999996,428,1217,1406
4025.3999999999996,95,102,202
1132.3999999999996,641,1775,1581
3343.3999999999996,265,577,449
2586.3999999999996,272,940,933
2448.3999999999996,198,543,1340
2950.3999999999996,158,535,862
1595.3999999999996,595,1151,1720
1793.3999999999996,495,960,1638
2991.3999999999996,134,395,963
3321.3999999999996,256,319,795
175.39999999999964,562,2128,2212
3418.3999999999996,140,357,578
2556.3999999999996,242,559,1350
537.3999999999996,809,1377,2455
1159.3999999999996,685,1788,1455
412.39999999999964,730,1836,2415
514.3999999999996,627,1364,2520
900.3999999999996,694,1676,1986
1599.3999999999996,203,1067,1733
2727.3999999999996,231,652,1098
598.3999999999996,727,2087,1908
2282.3999999999996,105,673,1414
647.3999999999996,675,1715,2003
1887.3999999999996,288,1335,1257
3536.3999999999996,30,252,539
107.39999999999964,876,2140,2402
1153.3999999999996,518,1163,2101
591.3999999999996,458,1405,2603
275.39999999999964,578,1605,2649
1292.3999999999996,472,1407,1823
534.3999999999996,873,1866,2055
3179.3999999999996,384,510,650
2319.3999999999996,428,948,1170
3437.3999999999996,210,463,468
670.3999999999996,488,1050,2679
2160.3999999999996,267,894,1367
600.3999999999996,738,1441,2471
913.3999999999996,852,1434,2015
3173.3999999999996,276,632,534
1889.3999999999996,338,929,1580
2315.3999999999996,568,1137,1031
822.3999999999996,610,1691,1988
3341.3999999999996,120,369,649
1752.3999999999996,432,998,1611
1565.3999999999996,395,1141,1740
1584.3999999999996,444,1127,1688
1725.3999999999996,594,1410,1456
1700.3999999999996,301,1143,1538
3473.3999999999996,45,425,539
1296.3999999999996,269,1289,1976
2449.3999999999996,262,810,1096
960.3999999999996,1028,1464,2035
3251.3999999999996,390,785,417
2189.3999999999996,690,1180,1048
351.39999999999964,803,1804,2400
2715.3999999999996,656,1009,661
1423.3999999999996,310,969,2006
3618.3999999999996,64,229,482
184.39999999999964,616,1575,2962
664.3999999999996,620,1468,2391
887.3999999999996,381,1382,2310
3804.3999999999996,10,266,277
1278.3999999999996,776,1757,1460
739.3999999999996,764,1841,1875
1621.3999999999996,376,1461,1334
737.3999999999996,585,1775,1883
142.39999999999964,641,1988,2616
4203.4,10,12,112
2762.3999999999996,374,892,863
3676.3999999999996,51,363,323
1376.3999999999996,202,1253,1826
331.39999999999964,1003,2033,2351
3413.3999999999996,121,412,517
3355.3999999999996,106,419,632
76.39999999999964,1146,1931,2396
3956.3999999999996,98,213,158
3807.3999999999996,28,120,502
3388.3999999999996,240,443,513
321.39999999999964,527,1644,2581
1466.3999999999996,566,1292,1701
1950.3999999999996,248,1353,1219
3229.3999999999996,197,548,562
2200.3999999999996,338,968,1212
3572.3999999999996,149,300,493
753.3999999999996,904,1705,2304
2956.3999999999996,129,555,850
3832.3999999999996,25,167,428
463.39999999999964,857,1887,2301
1628.3999999999996,588,1275,1561
2917.3999999999996,367,965,621
3035.3999999999996,373,592,727
1846.3999999999996,397,1299,1248
921.3999999999996,512,1663,1972
996.3999999999996,529,1709,1816
2461.3999999999996,435,980,1081
3665.3999999999996,35,367,311
340.39999999999964,654,1816,2460
133.39999999999964,869,1956,2337
747.3999999999996,601,1434,2233
2653.3999999999996,569,741,953
71.39999999999964,1170,2150,2373
752.3999999999996,483,1354,2275
1345.3999999999996,253,1045,2118
1668.3999999999996,506,977,1692
1356.3999999999996,520,1076,2005
1357.3999999999996,461,1135,1972
2125.3999999999996,495,1192,1164
2762.3999999999996,262,713,869
1750.3999999999996,510,1232,1416
3073.3999999999996,203,761,532
786.3999999999996,888,1839,1721
1511.3999999999996,444,1366,1661
1168.3999999999996,645,1466,1729
2452.3999999999996,492,790,1124
4200.4,0,5,122
1779.3999999999996,750,1143,1420
4312.4,10,15,0
530.3999999999996,860,2065,1969
1554.3999999999996,503,1552,1243
3965.3999999999996,95,210,157
1466.3999999999996,853,1373,1575
3697.3999999999996,34,176,474
2278.3999999999996,564,1313,1005
380.39999999999964,1019,1846,2351
3648.3999999999996,362,509,178
711.3999999999996,716,1690,2211
4205.4,90,100,32
763.3999999999996,758,1824,2040
3707.3999999999996,157,177,423
3270.3999999999996,263,639,552
3397.3999999999996,50,279,673
2340.3999999999996,309,941,1256
435.39999999999964,734,1779,2341
2566.3999999999996,389,575,1264
932.3999999999996,702,1333,2113
444.39999999999964,794,1688,2249
2232.3999999999996,349,894,1268
1985.3999999999996,136,734,1654
1260.3999999999996,769,1543,1691
1815.3999999999996,113,1092,1487
1421.3999999999996,410,1073,1902
3844.3999999999996,114,165,336
2523.3999999999996,312,691,1172
625.3999999999996,822,1706,2198
1299.3999999999996,666,1384,1727
3695.3999999999996,168,382,257
2195.3999999999996,417,1384,878
2311.3999999999996,572,964,1181
143.39999999999964,958,2294,2020
2490.3999999999996,504,893,958
1310.3999999999996,394,1523,1840
1604.3999999999996,429,1258,1527
2676.3999999999996,375,863,838
823.3999999999996,531,1297,2281
2770.3999999999996,491,873,716
708.3999999999996,670,1482,2204
3670.3999999999996,176,193,476
3235.3999999999996,50,365,737
2410.3999999999996,209,717,1209
2490.3999999999996,326,900,1034
494.39999999999964,585,1585,2317
2011.3999999999996,414,1199,1307
637.3999999999996,780,1629,2204
753.3999999999996,776,2010,1972
3244.3999999999996,226,555,529
3250.3999999999996,260,554,535
171.39999999999964,845,2143,2259
3995.3999999999996,135,225,105
1972.3999999999996,675,1233,1212
3202.3999999999996,39,540,718
4183.4,34,34,110
3586.3999999999996,113,282,571
1181.3999999999996,550,1780,1470
1766.3999999999996,364,1174,1432
2755.3999999999996,497,994,915
2516.3999999999996,230,641,1290
3089.3999999999996,206,627,620
6.399999999999636,890,1890,2518
3270.3999999999996,150,515,560
2416.3999999999996,427,1042,1065
2280.3999999999996,593,925,1212
4124.4,90,113,180
3725.3999999999996,128,393,209
960.3999999999996,451,1460,2081
2918.3999999999996,165,593,848
1272.3999999999996,549,1433,1686
1457.3999999999996,801,1753,1216
3190.3999999999996,240,656,484
1111.3999999999996,403,1386,1942
105.39999999999964,643,1929,2402
3729.3999999999996,113,348,280
3830.3999999999996,170,259,294
238.39999999999964,676,1811,2378
1456.3999999999996,680,1796,1317
4119.4,0,20,188
4307.4,0,20,0
2853.3999999999996,292,739,756
447.39999999999964,788,1862,2172
3125.3999999999996,166,327,899
1752.3999999999996,454,1065,1642
1946.3999999999996,429,1208,1256
495.39999999999964,788,1759,2247
4041.3999999999996,7,39,266
415.39999999999964,901,1789,2273
1286.3999999999996,533,1467,1692
791.3999999999996,565,1489,2215
1708.3999999999996,346,998,1690
3054.3999999999996,225,367,954
524.3999999999996,1127,1756,2145
3153.3999999999996,331,446,738
4158.4,30,45,134
1053.3999999999996,259,1376,2142
2924.3999999999996,221,539,858
502.39999999999964,843,1381,2516
2442.3999999999996,448,804,1168
4179.4,132,144,4
4085.3999999999996,95,127,115
594.3999999999996,538,1551,2492
2520.3999999999996,216,807,1192
8.399999999999636,992,2485,1947
3171.3999999999996,200,512,654
1789.3999999999996,659,1274,1289
236.39999999999964,554,1814,2555
3572.3999999999996,195,333,522
91.39999999999964,979,2002,2467
3534.3999999999996,122,255,546
602.3999999999996,513,1878,2175
8.399999999999636,595,2395,1984
1436.3999999999996,261,1153,1947
2225.3999999999996,374,1157,1105
1819.3999999999996,278,1365,1277
3941.3999999999996,95,125,263
1193.3999999999996,397,1057,2211
1340.3999999999996,606,1172,1986
3524.3999999999996,167,421,461
1155.3999999999996,533,1358,2035
3179.3999999999996,216,652,512
3425.3999999999996,83,415,512
1857.3999999999996,474,1109,1400
3250.3999999999996,219,556,628
989.3999999999996,464,1726,1761
403.39999999999964,893,1903,2272
2555.3999999999996,510,779,1003
8.399999999999636,940,2267,2150
2024.3999999999996,366,1199,1196
2882.3999999999996,426,803,675
808.3999999999996,765,1532,2272
3156.3999999999996,352,534,647
112.39999999999964,740,2079,2341
2614.3999999999996,426,833,977
406.39999999999964,803,1913,2465
2480.3999999999996,281,837,1140
1218.3999999999996,866,1786,1542
2959.3999999999996,308,372,1025
3454.3999999999996,110,309,596
720.3999999999996,660,1618,2156
1234.3999999999996,727,1278,1967
1710.3999999999996,392,859,1820
356.39999999999964,942,1936,2274
511.39999999999964,331,1383,2530
3582.3999999999996,15,406,435
3426.3999999999996,49,494,420
271.39999999999964,918,1860,2381
3827.3999999999996,5,55,445
3302.3999999999996,141,571,616
190.39999999999964,465,1347,3089
423.39999999999964,880,2154,1929
3459.3999999999996,107,283,700
2282.3999999999996,561,1154,1154
4095.3999999999996,0,62,170
2047.3999999999996,383,1271,1140
737.3999999999996,343,1519,2455
2557.3999999999996,423,943,894
1185.3999999999996,430,1502,1819
973.3999999999996,862,1791,1851
424.39999999999964,840,1898,2379
396.39999999999964,545,1187,3037
1162.3999999999996,514,1344,2068
3048.3999999999996,312,647,652
578.3999999999996,437,1319,2590
2772.3999999999996,317,651,1035
3389.3999999999996,306,417,536
3218.3999999999996,130,603,604
3261.3999999999996,133,446,641
942.3999999999996,829,1630,1958
2777.3999999999996,151,667,898
533.3999999999996,846,1843,2234
3107.3999999999996,185,600,634
269.39999999999964,967,2322,1856
2597.3999999999996,329,733,1019
201.39999999999964,936,1701,2570
1029.3999999999996,464,1400,2068
4089.3999999999996,18,48,208
2602.3999999999996,218,724,1017
2770.3999999999996,173,440,1162
1186.3999999999996,703,1753,1577
948.3999999999996,706,1613,1958
3754.3999999999996,39,159,404
1175.3999999999996,537,1559,1799
1069.3999999999996,587,1448,1935
3079.3999999999996,226,426,852
1211.3999999999996,620,1287,1975
20.399999999999636,581,1854,2513
3264.3999999999996,185,692,595
3081.3999999999996,146,493,770
1807.3999999999996,309,978,1599
1524.3999999999996,665,1345,1644
3042.3999999999996,153,718,617
1141.3999999999996,586,1670,1702
1779.3999999999996,363,988,1632
3383.3999999999996,257,530,538
2271.3999999999996,332,981,1189
4022.3999999999996,90,280,25
784.3999999999996,641,1462,2165
4302.4,10,10,15
3318.3999999999996,152,495,539
1108.3999999999996,405,1240,2217
2297.3999999999996,318,746,1307
1389.3999999999996,414,1217,1850
1801.3999999999996,276,1095,1744
4179.4,0,40,128
2446.3999999999996,249,619,1382
2430.3999999999996,282,619,1422
3563.3999999999996,6,218,556
3891.3999999999996,2,144,306
338.39999999999964,640,1513,2589
1281.3999999999996,484,1325,1862
4053.3999999999996,21,42,253
2972.3999999999996,252,561,985
867.3999999999996,656,1346,2166
3285.3999999999996,121,276,786
1109.3999999999996,502,1386,1976
1804.3999999999996,413,902,1688
2029.3999999999996,202,1083,1368
256.39999999999964,783,1729,2470
710.3999999999996,260,1482,2245
3344.3999999999996,68,168,817
1139.3999999999996,432,1667,1568
766.3999999999996,738,1861,1981
1069.3999999999996,330,1085,2214
3808.3999999999996,0,206,313
1635.3999999999996,467,1152,1702
122.39999999999964,905,2065,2243
3905.3999999999996,110,132,301
1146.3999999999996,342,1313,2077
242.39999999999964,857,2171,2271