0,303.7,150.55,163.7
5701,77.1,29.05,53.5
5522,78.4,23.15,66.05
24,330.9,237.7,87.25
1,380.65,74.3,44.9
5275,121.85,41.1,28.8
5,295.6,149.1,222.8
5913,82.05,34.45,39.85
70,290.9,135.4,193.6
20,299.65,152.95,217.55
2675,182.2,91.5,122.6
5765,83.5,27.3,48.95
3643,151.35,56.85,96.2
5091,128.95,48.1,30.15
2148,211.45,75.7,140.9
160,307.35,205.45,106.95
932,267.35,119.75,165.9
2493,219.15,158.3,74.15
2844,185.9,100.05,105.65
436,336.45,53.9,59.95
2870,178.9,79,110.4
28,375.8,69.7,43.8
91,346.7,85.2,78.85
232,293.35,142,158.7
228,369.45,63.7,38.65
1117,296.15,192.1,53
2460,196.7,106.95,116.7
1224,253.5,115.95,153.15
1019,267.15,127.3,133.95
131,327.15,234.6,86.15
2231,205.65,98.8,122.05
5643,90.5,34.3,48.05
57,358.95,54.8,64.5
3249,169.2,61,127.45
4190,144.9,60.75,70.2
5114,127,43.95,32.3
1073,249.7,98.85,174.7
696,266.65,118.7,179
2051,243.85,154.25,68.7
4871,136.3,53.6,35.8
5411,99.05,45.7,51.95
86,363.7,62,49.95
3792,157.1,76.3,82.25
1637,232.4,145.8,103.35
2424,224.4,165.35,77.15
3372,163.85,58.75,125.95
1553,249.65,111.05,142.45
1455,243.55,104.4,165.35
1518,239.35,103.85,149.6
3994,144.3,58.35,87.95
1273,281.1,199,66.9
3124,167.75,64.95,113.95
3508,160,65,92.35
4064,146.25,61.55,70.85
861,280.2,143.95,131.75
621,270.7,122.9,181.6
675,287.5,197.55,93.35
289,284.3,131.9,188.35
970,269.5,169.05,101.1
153,352.35,48.4,62.45
5582,93.35,36.25,48.85
684,282.75,191.8,97.2
3952,154.4,70.7,74.45
5165,104.25,38.8,53.65
382,333.1,73.1,76.1
1990,213.4,88.5,144.9
523,334,52.25,56.05
1723,232.7,96.95,162.15
4668,114.35,43.8,81.25
227,305.4,213.15,102.25
4448,122.65,54.15,84.35
3392,165.2,59.55,123.9
2559,188.7,79.7,116.45
3272,172.1,90.55,89.3
2530,214.25,80.1,105
1725,254.35,176.5,57.25
4624,111.8,41.65,82
4443,119,44.05,84.85
1255,288.05,184.2,53.6
4286,133.3,54.9,77.3
4741,139.2,49,38.95
1047,250.25,99.6,175.2
2923,205.7,152.45,62.9
39,299,150.4,218.3
1571,285.6,33.8,51.75
1078,258.55,120.35,155
2273,203.6,97.55,124.1
3473,186.35,48.4,62.45
1371,244.7,108.35,149.1
4403,131.9,67.55,72.55
1824,220.75,113.15,126.45
772,271.1,125.85,159.35
2007,226.55,119.15,115.3
1027,261.6,120.6,157
78,318.3,232.55,92.1
21,295.8,148.8,221.6
1989,261.3,172.75,46.95
1962,263,173.95,47
4772,137.65,49.9,38.95
0,318.4,232.55,130.3
3,344.2,265.5,104.95
2,385.1,58.7,48.85
5935,93.5,31.05,27.5
6030,75.75,31.15,38.55
6184,77.8,21.9,35.9
6194,77.8,21.9,35.4
41,285.15,136.65,216.6
48,289.5,139.25,209.85
331,364.1,64.2,46.5
3618,168,76.75,93.5
473,326.65,243.65,97.75
5594,104.3,37.9,39.15
5818,84.95,26.1,49.3
1332,258.45,118.65,170.5
94,340.8,258.7,102.85
706,346.7,46.3,42.15
587,273.85,134.3,185.35
4012,146.75,67.45,75.15
4589,128.2,52.85,59.65
17,376.65,79.75,52.9
897,275.2,122.6,179.2
4785,112.6,43.5,63.8
5730,88.35,28.25,50.05
3544,175.45,101.8,62.75
314,282.6,132.75,204.75
4152,138.75,61.8,71.5
2932,194.8,91.7,99.65
3065,190.95,110.1,88.5
1118,295.65,211.4,79.3
2068,230.95,85.55,142.3
5336,97.4,37.3,62.1
170,371.4,70,49.8
2924,200.8,68.35,124.9
382,330.8,250.55,101.05
4185,135,60.05,73.35
4448,155.75,44.15,81.5
3785,160.4,72.4,91.35
291,320.7,223.8,137.2
2620,214.25,145.85,93.2
4853,142.1,32.85,68.35
3862,163.1,95.95,78.25
78,335.3,254.4,106.35
950,302.75,165.75,140.9
3397,180.8,94.75,72.7
2739,238.55,173.8,56.6
1551,267.7,169.8,114.25
1338,242.5,122.2,186.65
645,264.55,127.1,191.55
1042,283.6,200.5,97.1
1231,289.6,206.35,90
5231,121,53.2,42.8
5297,118.4,52.3,41.9
4328,135.95,66.85,66.8
825,284.3,215.7,136.75
3929,176.9,48.75,86.05
817,251.7,157.1,158.75
4891,123.6,56.1,60.25
1189,300.35,207.85,83.25
392,274.65,135.5,193.85
3148,195.9,71.25,112.3
1476,245.25,125,181.35
1606,258.2,113.25,150.9
5046,113.85,47,50.2
2140,232.35,100.1,137.95
5150,112,45.55,44.1
3499,187.65,63.5,104.5
135,310.75,227.25,126.8
1396,264.55,117.2,155.65
2132,263.05,192.3,67.7
1864,250.55,185.15,100.95
2594,243.5,178.35,58.55
5920,87.8,27.3,41.55
1525,227.8,116.75,161
5399,115.8,34.6,43.95
4437,131.6,55.85,64.8
5533,108.45,40.85,38.3
4917,108.4,47,78.45
16,286.6,136.45,216.2
507,316,237.15,102.8
2253,260.35,189.75,60.75
676,307.9,211.85,122.8
793,312,233.9,92.15
3267,217.4,164.45,50.1
1959,235.25,115.75,164.15
2214,229.3,109.1,151.4
299,285.55,135.25,199.85
60,336.25,251.7,113.25
1675,245.25,107.05,138.1
1988,255.65,125.85,99.3
156,367.1,65.15,55
350,299.25,225.75,144.6
2536,219.7,83,120.5
911,277.3,129.95,170.15
2561,205.7,72.95,138.35
854,250.15,156.3,157.35
5474,109.8,41.2,40.35
3138,222.35,161.55,55.25
132,328.55,229.8,138
0,379.55,69.5,43.55
0,287.7,150.75,223.4
5808,90.25,40.5,40.05
4618,113.55,24.8,73.45
85,327.9,256.8,101.05
5214,85.65,35.1,65.8
7,385.25,66.85,37.4
4901,145.8,50.65,26.15
516,268.6,131.7,202.45
86,322.25,249.65,106.3
2448,191.95,79.75,113.25
240,280.35,184.15,142.5
1774,232.4,78,147.05
838,275.05,174.65,115.05
1505,227.7,117.15,182.75
37,330.2,256.5,100.3
5746,92.6,40.75,40.55
205,296.3,196.2,133.35
1712,223.2,75.55,154.6
619,306.2,232.15,93.9
216,287.05,151.75,210.6
1131,254.1,96.1,162.1
3260,153.75,84.9,96.05
1439,243.4,110.75,173.95
5538,102.7,48.95,45.4
560,289.75,216.15,108.05
922,245.3,113.5,188.5
1127,255.05,95.85,161.6
153,372.45,58.75,39.1
721,265.75,136.3,195.2
2297,217.95,145.5,93.3
1950,246.3,160.35,84.3
455,348.65,56.45,54.8
632,341.05,49.85,49.05
3123,175.9,80.7,139.8
289,301.85,224.5,114.15
2022,206.35,88.9,123.6
3423,155,89,87.8
1805,224.1,125.65,136.3
272,312.35,237.2,104.45
291,362.3,71,51.95
2553,228.9,146.45,63.85
3672,162.15,73.45,79.5
1310,236.85,110.15,178.15
121,375.45,57.4,35.25
1946,218.85,101.95,171
120,301.85,226.6,120.25
2258,198.45,85.25,119
2834,213.55,126.95,51.4
4001,134.5,43.2,86.85
1252,247.75,139.55,111.25
1581,238.8,122.05,172.65
2126,241.1,155.2,80.3
298,281.45,148.75,213.85
4257,167.55,65.15,42.55
19,362.5,71.65,61.4
2774,191.5,72.25,89.6
1223,238.45,110.15,180.65
1558,243.2,110.05,168
4811,148.95,53.35,29.9
3827,172.1,80.2,54.2
425,315.75,242.8,93.95
2135,208.05,92.65,115.85
5437,101.4,44.2,47.3
5307,95.5,39.55,58.6
720,289.45,214.45,102.9
814,277.35,141.6,192.15
416,289.65,189.3,126.8
4357,158.25,62.75,36.4
1821,219.3,72.5,152.25
3781,160.05,99.85,66.4
331,315.85,240.75,98.2
864,256.2,143.15,121.85
1509,239.65,109.95,169.45
1653,258.9,170.2,90.8
743,284.75,209.65,102.65
4104,130.85,42.1,85.45
3503,162,97.25,80.8
509,305.4,237.15,98.7
3058,179.5,129.55,92
4247,165.85,64.5,44.15
2943,207.2,123.2,52.6
5234,105.2,47.45,56.8
229,343.55,48.85,59.65
1326,241.1,117.35,132.6
50,314.3,240.65,108.55
2999,169.1,83.4,129.3
2610,201.8,66.9,127.15
5164,87.95,35.9,66.6
833,275.7,203.55,105.55
3473,162.95,97.45,81.4
1021,262.8,165.85,116.05
4717,116,28.3,67.8
5119,90.4,38.35,69.05
4575,121.85,34.15,69.35
905,262.8,135.1,188.5
5052,119.75,62,53.95
4946,97.8,45.85,77.55
2734,186.45,87.05,154
442,292,193.1,102.6
0,380.7,82.95,51.65
5560,79.25,23.85,63.15
6025,74.45,27.9,44.5
4874,149.1,45.35,26.25
1,300.5,190.95,234.55
5850,69.25,25.45,58.25
0,388.85,86.45,46.1
0,331.25,273.15,124.5
306,323.1,211.3,191.7
1434,296.5,214.85,78.7
1612,236.25,131.1,168.7
587,295.75,176.55,204.9
1268,245.45,141.35,182.7
3734,148.95,97.5,100.95
2371,214.3,153.55,123.25
207,305.4,191.4,214.3
327,370.9,83.15,46.25
954,270.8,135.9,174.65
5677,85.15,34.2,53.05
370,297.85,255.45,139.05
1003,293,163.8,162.2
5361,98.9,39.6,57.7
2446,218.8,124.65,146.5
5127,102.7,52.1,64.9
194,297.8,186.85,226.5
4235,152.4,57.15,62.15
1083,267.15,225.1,137.7
6,304.95,192.75,229.9
147,336.7,253.3,101.3
846,280.6,203,167.55
5380,94.8,37.4,60
4739,116.65,60.2,73.3
931,278.55,200.7,165.5
1184,252.45,143.35,178
3384,192.9,103.9,72.6
1286,258.6,181,145.55
2034,221.95,157.45,135.55
1766,241.05,135.05,157.85
1025,252.6,141.4,187.2
1820,241.15,121.75,152.45
2483,210.65,130.15,109.2
2609,211.45,132.3,102.25
783,350.2,77.75,43.05
2186,226.05,159.8,122.25
5363,92.35,36.7,66.65
3292,164.15,89,104.85
4052,139.9,67.45,87.65
5062,135.6,42.45,31.6
271,341.1,244.05,92.75
1137,264.95,219.6,136.5
1317,304.15,219.45,77.65
3641,153.6,74.45,95.4
4543,119.65,62.2,81.3
2739,199.4,111.1,105.25
323,294.45,181.95,217.95
2740,181.9,116.3,127.15
35,315.15,266.6,143.7
4984,143.6,45.85,26.75
4054,142.35,65.85,86.1
4763,152.7,48.45,29.2
2202,222.25,118.25,150.05
2598,206.75,131.5,107.15
34,317.2,265.65,142.25
3911,148.3,96.25,94.35
3037,190.75,107.15,97.1
454,292.8,172.15,215.15
827,280.4,174.1,187.45
697,323.95,232.45,93
521,355.35,81.3,50.25
73,302.4,190.35,228.65
674,273.75,166.2,204.65
1871,240.8,168.55,115.3
5010,130.95,41.75,40.15
683,356.7,69.75,39.05
298,300.35,187.15,219.8
895,270.5,170.85,194.7
3516,177.2,57.85,70.25
34,329.15,247.9,122.85
4354,165.65,54.35,39
5835,83,31.7,46
294,310.65,259.85,131.55
749,275.4,166.4,198.55
5570,103.8,38.55,37.25
4452,125.3,66.7,82.15
5721,82.2,31.85,52.45
3941,146.8,96.25,94.35
97,375.75,80.3,55.4
3056,190.55,110.35,96.5
3957,140.95,68.65,92.15
2847,186.65,104.2,111.45
441,302.1,240.15,129.45
718,290.35,240.45,111.2
3304,203.2,117,64.95
2872,185.5,104.3,111.95
5476,106.8,41.3,39.85
2296,215.85,155.35,125.3
4814,148.4,46.9,31.95
4656,111.45,62.45,84.25
595,311,243.4,119.5
1683,249.85,200.85,126
0,371.05,71.45,54.3
1,381.65,64.15,41.35
5751,76.85,34.35,52.9
2,285.65,164.6,236.75
4858,114.15,21.75,64.5
4464,159.35,46.35,33.6
5762,77.45,33.7,52.2
92,346.85,247.15,91.05
5607,85.2,38.25,53.5
330,274,147.45,215.55
187,360.3,62.85,57.45
580,260.4,140.1,202.25
510,269.15,137.15,181.65
5124,97.85,46.2,69.95
3853,134.6,65.65,108.55
385,271.8,133.9,185.8
4228,164.75,51.15,39.85
784,247.35,125.7,185.45
4314,166.85,53.35,33.6
836,262.85,127.6,166.65
4082,170.05,56.9,46.85
288,287.25,213.3,150.65
5305,91.65,39.15,62.4
5350,100.85,42.8,51.1
43,284.1,158.15,225.3
3105,191.15,148.15,87.4
1511,223.5,110.45,151.95
3277,181.6,68.2,85.25
260,344.25,244.45,85.85
5655,80.5,35.7,55.05
1456,224.1,104.05,158.5
1364,264.35,185,107.45
127,278.9,141.4,195.3
3233,160.85,83.9,123.3
5076,102.4,49.9,67.05
1023,234.5,117.7,173.9
1197,253.85,206.6,133.2
282,354.3,60.6,54.7
2768,200.95,155.7,96.3
347,291.6,203.4,138.25
1737,244.35,193.1,113.15
2216,216.8,166.45,115.05
2675,205.5,159.95,99.8
396,264.2,144.15,206.75
3285,207.2,88.85,57.55
427,312.9,228.85,97.85
2924,209.05,123.35,74.35
3050,196.85,144.95,86.5
3441,158.3,79.65,115.8
2836,164.85,76.1,135.15
1287,228.75,107.4,163.05
2476,185.6,86.1,137.65
4436,145.15,47.9,54.9
215,279.6,140.9,191.05
4945,108.65,37.65,61.9
2084,223.05,171.45,120.05
1106,231.35,114.85,173.15
1298,297.65,204.65,67.1
1736,221.95,108.45,147.05
4530,124.75,30.2,72.5
3638,168.95,88.15,76.3
591,298.75,223.75,108.85
1174,234.25,118.8,168.7
4629,141.95,47.05,42.95
339,337.45,238.7,82.85
452,326.9,226.7,90.55
520,305.4,230.75,111.85
980,262.5,196.25,137.8
3603,150.5,73.6,110.3
1540,257.75,179,100.7
1598,215.75,109.25,159.65
3994,174.3,60.55,53.1
3448,155.1,79.2,118.45
383,317.7,233.6,101.1
2207,205.2,87.5,128.5
4836,107.7,37.2,77.7
4575,137.5,42.2,50.95
2040,221,170.45,121.3
4512,125.45,30.2,70.85
4196,127.3,37.95,86.35
1914,238.85,175.25,97.45
3752,165.35,82.9,72.4
4332,148.5,52.4,58.3
597,282.75,197.95,136.55
3001,170.7,78.15,122.8
3486,172.7,91.4,80.8
4992,108.2,43.25,62.8
1,324.75,245.45,110.5
543,330.75,232.75,79
3783,165.35,80.7,68.8
249,272.75,153.45,221.7
1195,259,207.75,130.3
87,290.85,220.2,159.1
4743,120.05,25.4,64.85
1125,232,113.95,177.2
1814,230.2,99.55,126.45
3542,151.65,58.65,103.6
2677,174.65,81.45,137.45
2510,212.8,147.1,103.75
1904,239.45,175.9,97.4
0,365.45,66,56.65
5728,82.65,28.75,53.7
5719,82.6,29.9,53.35
17,381.15,93.05,41.85
24,338.9,265.6,103.3
5790,85.05,31.5,49.15
5226,126.75,53.25,28.9
0,289.45,150.7,217.45
603,276.8,199.05,142.45
324,286.75,218,147.75
2676,207.4,125.55,108.75
2603,179.9,94.2,123.3
1189,281.8,213.95,104.95
3542,167.7,93.05,91.2
2842,215.3,141.5,79.5
146,283,145.3,211.4
3286,157.15,89.9,117.95
4269,147.35,64,65.15
513,269.1,127.15,190.25
1216,250.1,108.7,167.35
3566,181.6,98.05,85.85
1240,227.45,123.2,155.45
2343,196.3,113.65,137.1
178,336.2,264.65,98.8
4448,145.65,68.8,61.45
103,326.1,253.9,108.1
4809,118.1,51.25,70.5
23,297.2,153.95,206.75
5430,93.8,37.45,59.2
164,356.25,86.75,58
285,332.1,258.8,96.8
5065,125,55.1,38
834,301.65,226.35,87.65
4511,134.35,52.3,72.85
802,295.7,207.05,116.55
297,278.95,135.5,199.25
1027,290.1,224.9,92.75
264,321.25,256.25,111.3
269,285.75,146.75,204.9
4649,128.95,70.4,91.7
2405,178.6,98.95,138.1
2768,226.25,131.15,72.75
218,323.75,248.95,99.95
1933,222.2,137.75,134.6
445,276.45,135.2,197.45
226,274.15,179.4,166.95
655,278.65,208.8,131.1
190,348.75,66.4,67.65
2733,220.8,146.3,80.6
1434,246.05,106,154.2
243,374.35,87.45,36.15
619,270.95,134.25,188.75
2800,173.45,92.3,115.75
304,274.55,178.1,163.25
4250,139.15,70.3,76.25
1753,252.6,187.85,93
213,331.05,257.5,101.55
826,256.85,116.45,186.1
3883,159.35,83.6,74.3
4912,107.35,48.05,78.8
5174,124.9,52.55,34.35
1102,261.45,168.7,127.95
5260,120.25,50.55,34.65
2456,195.7,111.4,132.2
3718,155.3,74.95,95.75
4006,144,80.8,109.1
854,313.35,236.35,68.2
696,306.15,230.35,91.65
1991,253.9,172.3,83
3142,189.3,104.2,94.3
5199,101.9,44.5,66.95
5491,107.6,38.75,41.25
5644,89.3,34.75,51.75
1944,240.6,148.6,106.9
984,256.4,117.6,172.85
122,374.2,89.25,43.5
2941,193.5,97.1,86.25
5300,111.7,41.95,45.2
1508,262.95,195.6,103.25
1672,261.7,192.35,90.95
56,288,150.3,215.9
2199,231.85,163.75,93.75
5330,110.2,41.95,45.2
5671,89.1,33,51.1
547,321.95,246.95,92.8
5221,101,44,66.45
344,314.7,243.65,121.15
2097,243.7,168.55,91.65
5091,122.95,54.05,39.25
704,311.05,237.65,77.3
3046,162.15,84.55,118.15
322,344.75,60.55,59.75
1332,245.35,101.8,161.45
2924,163.6,87.15,120
1980,250.5,183.65,86.15
83,289.6,149.4,213.75
3107,212.1,139.45,66.4
1864,254.6,187.7,89.95
5538,89.4,36,55.75
2270,229.85,162.65,92.75
0,363.05,94.9,61.45
5648,83.3,36.4,42.75
5169,129.25,42.35,26.25
0,326.75,265.2,124.85
1,289,172.4,219.65
5890,83.7,26.9,39.75
5717,89.15,25.05,44.55
9,371.1,96.4,54.55
1676,221.1,141.3,138
2068,222.4,111.75,149.95
1507,229.8,150.6,142.15
2098,206.1,128,132
2889,196.55,95.45,128.8
1868,215.85,135.85,135.05
1757,246.45,198.3,103.1
3830,174.1,74.75,57.2
1971,231.85,113.5,146.4
1860,228.55,115.7,156.15
1533,237.4,121.95,156.7
2177,240.95,188.85,85.95
316,352.3,85.55,54.3
3414,179.6,103.05,83.3
5824,86.85,29.35,39.5
4514,151.15,63,38.65
92,318.35,257,130.05
229,283.75,167.9,209.45
3625,157.5,67.35,88.1
427,345.25,80.5,52.95
915,264.55,139.7,177.05
2700,205.9,100.85,127.3
988,256.05,185.05,167.25
112,291.95,169.15,206.95
1088,257.55,145.4,186.5
46,322.65,262.6,126.5
1341,250.3,125.7,160.5
4196,161.9,65.95,47.95
2374,236.6,163.2,72.8
1315,269.95,216,107.75
485,306.75,244.2,111.55
556,264.15,193.5,181.1
3550,157.05,97.35,95.65
181,291.7,166.85,197.05
3033,184.85,93.45,84.3
3584,159.25,77.9,91.2
4606,144.65,56.4,41.15
2311,225.35,109.35,135.8
1598,259.3,202.6,100.9
4951,131.9,45.9,34.3
4669,145.15,58,37.3
816,266.85,139.45,179.75
631,341.55,85.15,49
679,284,161.75,172.05
3166,179.9,89.5,81
2684,213,116,72.4
3437,161.4,100.55,97.8
4801,119.65,61.15,62.25
2688,189.9,122.05,116.3
2287,215.6,108.3,146.75
292,274.85,202.85,187.85
4726,123.25,47.8,61.2
400,309.45,252.25,118.2
5710,89.35,25.25,44.5
3904,164.35,72.1,60.8
1149,256.6,130.45,165.2
4334,153.4,59.3,48.3
4850,116.4,48.8,64.55
5002,135.2,46.65,30.05
2258,202.2,112.3,110.75
4429,150.55,56.85,47.1
1570,259.3,205.6,102.3
5270,107.7,41,51.3
369,286.5,174.25,193.65
451,324.55,237.65,86.35
212,333.85,234.65,92.7
322,329.65,231.95,90.4
5558,98,30.35,42.4
4635,125.15,62,59.4
4928,127.05,52.6,49.4
2609,219.3,116.25,68.95
1044,259,146.2,187.55
4080,165.3,71.15,52.45
577,302.75,240.95,112
529,280.5,169.25,192.05
194,289.25,167.8,203.55
2343,199.4,111.95,109.7
5294,94.75,44.85,50.4
87,368.05,94.1,52.7
3021,180.9,95.25,115.5
3290,169.8,86.45,97.4
317,284.1,165.65,199.45
2197,243.75,170.05,70.9
1387,264.45,209.35,105.95
492,266.95,195.9,182.5
524,305.15,242.3,112.75
715,275.55,157.6,194.05
1365,267.7,214.4,107
997,298.35,219.1,89.35
279,314.35,255.55,120.75
1474,277.05,200.05,82.85
0,378.85,72.9,37.75
6058,69.9,24.3,49.8
6167,71.2,25.5,43.05
3,384.75,74.2,35.45
117,278.45,142.6,216.95
0,345.8,261.45,81.35
4193,177.5,61.55,23.3
319,366.9,65.35,30.85
142,349.5,244.85,64.4
3180,172.85,79.8,110.75
3376,191.35,73.6,58.75
4315,123.9,52.4,80.15
3551,160.8,83.25,103.05
1037,268.05,126.55,179
2207,229.95,176.05,69.65
321,324.25,163.45,147.3
525,272.15,130.5,194.85
367,277.5,139.3,202.85
1293,255.5,113.85,170.6
230,339.3,252.2,72.35
1501,228,120.65,170.15
40,377.7,66.25,39.55
5090,106.9,44.25,66.85
1745,217.55,116.2,168.3
5812,87.85,31.4,42.95
2823,205.95,97.8,86.15
5281,102.9,49.95,53.8
2079,222.35,99.25,157.8
1001,292.4,165.05,109.75
3488,159.1,77.7,106.2
22,289.05,149.2,210.95
3982,180.25,67.15,33.65
652,313.95,159.6,137.3
4552,142.45,55.6,49.55
2736,180.75,91.35,124.95
3708,170.95,83.7,79.3
764,305.45,226.85,78.35
681,316.3,160.05,132.25
833,283.65,206.25,94.9
5902,78.35,29.3,50
213,342.6,239.75,68.2
303,334.35,232.25,69.05
3655,177.25,80.4,73.6
6054,75.3,28.4,43.55
2179,196.65,103.25,134.45
4487,115.95,50.85,87.8
5052,109.55,47.85,67.85
920,247.3,138.5,162.7
1635,257.9,190,70.85
810,264.65,130.05,191.85
291,282.25,213.9,124.45
90,316.8,164.7,175.9
1721,242.75,183,82.3
405,267.65,133.05,209.1
1075,310.4,151.65,116.3
5203,100.8,49.85,64.85
1048,260.4,121.9,182.45
858,316.7,153.05,123
2497,212.25,86.2,142.55
157,285.85,143.4,206.5
2282,196.6,104.4,129.25
2307,228.05,97.4,140.65
3016,209,92.6,80
1702,240.05,110.8,159.4
3017,161.2,78.25,127.4
8,345.7,261.35,80.55
2822,193.05,99.65,109.1
2285,232.6,117.5,118.05
1256,261.6,202,90.4
2420,211,89.7,154.75
5480,92,40.65,55.8
2573,212.45,107.55,96.65
130,282.65,144.45,211.7
3892,130.7,73.25,113.7
1888,231.8,107.1,161.85
1170,240.8,129,152.2
528,329.05,228.4,66.2
4093,140.2,69.1,84.55
214,275.1,141.15,213.9
2302,229.9,108.25,98.95
614,275.45,134.65,188.85
1586,228.1,121,165.55
4205,129.4,57.9,85.65
2440,214.65,101.6,106.35
1387,249.3,109.45,153.75
4984,98.65,52.6,77.3
4143,179.75,63.8,24.3
4744,111.25,42,70.65
5581,97.25,37.4,42.6
590,320.5,222.5,69.05
4718,136.95,54.55,53.35
3798,148.45,111.9,85.8
524,280.05,136.8,187.7
4890,113.95,41.05,63.85
3691,156.55,75.8,95.35
3753,151.7,70.9,92.35
1138,297.25,218.05,63.5
1131,306.2,193.95,59.7
677,279.65,136.45,184.2
1265,300.35,215.05,42.15
0,376,62.15,46.65
0,381,57.4,70.65
5545,81.95,34.85,57.6
5013,132.15,43.25,31
8,342,250.15,93.35
5773,83.65,34.15,46
5284,89.2,24.8,70.65
4,277.2,138.4,227.2
537,326.2,225.65,79.8
1918,255.6,162.2,81.15
132,283.95,143.35,217.55
5159,94.2,28.8,71.4
440,315.85,230.6,92.35
654,309.45,211.6,85.75
1017,251.15,116.3,189.8
178,360.6,52.8,50.7
119,333.5,242.75,94.95
573,319.85,219.25,83.85
3070,173.35,74.95,127.6
570,305.8,200.7,103.25
48,340.1,248.85,93.2
4571,127.2,54.2,73.1
721,287.45,172.35,133
2307,230.55,159.4,70.85
34,288.5,145.85,217.45
311,292.5,170.75,158.15
988,290.85,206.4,77.25
940,245.7,113.85,197.25
291,277.45,139.1,209.1
776,250.3,115.7,202.6
4939,130.55,41.6,37.05
4864,116.7,40,61.35
2013,239.1,125,136.5
379,350.45,49.45,50.85
1453,265.65,175.05,111.65
4961,100.05,35.4,75.45
1188,272.5,190.05,103.8
4240,161.35,67,55.85
1710,250.35,167.35,82.3
4349,139.45,45.55,68.15
289,318.25,185.9,129.9
53,331.2,241.55,99
3132,181.8,79.3,102.3
1029,239.3,103.3,183.6
2184,192.55,81.3,141.1
2487,185.15,101.35,139.55
5411,100.9,39.35,46.15
1312,240.3,137.5,147.5
4804,135.85,46.35,39.05
2001,196.15,86.5,151.7
203,321.7,235.45,98.1
2259,231.6,154.1,86.75
829,249.45,115.55,200.15
1578,225.5,100,171.5
1951,198.1,86.7,152.1
3513,156.95,72.45,121.75
2866,189.2,84.5,108.1
3194,201.1,124.15,59.5
518,314.8,214.65,90.4
3795,145.05,52.45,92.65
877,246.85,113.35,199.75
210,366.05,47.8,77.6
396,349.35,49.7,51.1
5335,97.35,44.2,55.15
1372,266.85,176.4,115.8
4739,121.05,40.6,69.3
4047,158.9,64.1,62.3
770,280.65,173.8,134.55
2093,242.4,151.8,83.25
1140,273.6,190.45,106
4444,149.7,59.25,42.45
2420,221.65,117.15,124.1
2535,213.8,139.55,97.45
190,277.7,138.85,213.9
1708,205.45,93.4,156.3
4667,110.05,41.65,85.15
5333,91.9,27.55,66.25
3429,169.2,79.05,115.85
5245,103.8,42.35,54.55
29,368.25,49.8,83.45
1254,243,123.35,168.95
1318,236.7,108,176.7
3238,168.7,77.9,124.5
3941,157.15,62.05,66.45
4496,156.45,65.4,34.35
1171,244.6,98.3,173.85
874,292.2,197.15,88.3
1780,233.25,130.75,121
3841,148,55.45,87.9
1123,234.65,105.8,186.9
2196,189.4,77.85,142
202,296.45,183.7,133.4
4363,150.1,56.5,44.25
4100,162.15,69.45,59
1249,236.25,107.6,181.2
161,297.6,188.05,128.4
3651,153.25,66.9,118.9
1255,223.4,113.95,163.1
2038,195.75,109.3,158.9
1422,227.05,97.4,179.9
0,374.5,79.15,46.75
6,301.45,167.4,242.6
0,381.15,81.3,37.7
5643,84.55,27.9,53.5
1,341.1,258.7,94.75
4926,138.2,49.8,24.35
5750,79.2,33.25,51
5757,79.5,32.75,50.75
765,299.85,142.6,181.3
4537,123.5,59.5,78.8
4,355.05,244.95,71.6
1503,247.15,123.85,169.15
1075,252.45,120.95,176.35
1243,280.5,187.05,83.55
2859,197.4,101.65,105.2
364,346.55,71.4,60.85
4288,156.1,68.9,49.75
2038,213.05,124.7,138.95
1624,239.6,151.3,133.3
1855,232.7,145.3,126.7
5420,91.6,39.6,60.7
4898,134.9,47.25,29.15
5202,116.65,46.3,38.25
1695,251.95,109.95,143.95
3623,162.85,91.95,99.25
3233,182,96.75,96
3465,185.25,120.1,64
5325,96.7,36.15,56.9
178,371.3,79.15,34
638,304.15,156.6,190
5128,106.55,40.75,54.25
671,304.65,157.75,186.6
2194,216.8,117.25,132.25
4209,145.25,73.05,81.35
5567,92.15,34.45,50.6
1116,286.35,191.75,88.25
1752,260.7,170.7,68.4
4837,140.15,51.55,28.15
994,276.1,147.9,199.85
1214,289.8,134.9,159.35
2339,216.25,117.35,124.25
783,283.3,152.75,208.35
1797,220.2,130.95,146.05
1530,242.65,154.3,138.25
3033,193.15,98.05,95.15
5149,104.75,39.05,56.25
3089,185.9,100.15,103.7
4101,148.55,65.15,71.4
546,319.4,210.8,93.85
1421,271.45,178.35,83.05
734,306.2,227.45,79.8
1922,219.65,136.05,154.9
3686,157.15,88.85,101.45
1012,268.55,129.8,173.5
3874,150.7,73.3,90.2
2300,213.7,113.6,127.8
1987,226.6,98.85,158
1681,266.1,175,73.55
2446,208.55,87.55,135.3
187,361.2,76,50.3
3738,176.65,114,55.8
141,368.15,74.05,43.7
2644,222.95,86.85,107.2
499,317.45,213.6,76.95
1882,234.05,101.8,154
2411,203.15,83.4,146.8
1122,263.85,126,171.75
3563,176.15,114.2,69.25
5397,99.35,46.45,51.9
4621,132.5,58.55,57.8
2821,203.5,82.05,120.3
3195,181.85,94.15,97.5
4955,120.3,57.75,62.4
185,313.1,214.65,116.7
2574,192.75,103.25,130
5040,119,58.1,59.05
1170,286.65,197.85,74.05
193,366.05,77.9,41
319,321.95,219.1,82.45
1487,281.2,128.8,151.15
5130,116.45,46.8,44.25
2569,211.9,116.15,119.7
226,341.4,237,71.25
900,287.25,150.8,194.2
171,323.8,240,98.25
409,295,160.25,218.85
130,330.55,248.4,95
45,302.35,171.45,234.55
3921,167.2,64.75,52.1
3217,186.05,94.5,92.45
5280,108.05,51.5,49.9
122,321.55,252.15,111.35
92,332.6,248,95.25
2572,192.85,103.25,130
1756,261.85,171.65,66.8
1337,272.6,177.55,86.65
2790,207.2,84.9,115.65
62,337.85,254.45,91.75
2437,217.6,134.55,106.85
936,277.6,149.1,202.65
0,302,132.9,213.85
0,331.95,238.6,89.15
5420,94.1,22.4,61.15
5604,107.1,36.45,29.55
6048,78.05,27.4,41.55
42,297.55,133.9,224.5
6033,77.8,27.3,42.55
8,386.65,79.75,54
5766,88.4,34.4,43.8
308,290.3,130.75,202.05
5491,111.35,39.6,34.05
1598,278.55,195.85,51.05
807,339.7,63.2,57.9
377,292,122.5,197.8
2213,234.05,158.7,107.9
2878,212.95,148.8,54.3
295,284.15,126.95,209.45
1030,270.3,115.95,177.1
1112,266.65,113.15,174.15
3091,204.55,61.95,127.9
5323,115.05,43.35,36.8
4520,142.2,64.3,76.75
1516,262.15,190.55,86.2
122,377.75,79.3,62.9
1291,286.85,202.05,58.75
2667,192.95,81.4,120.15
1650,232.55,100.95,147.9
2316,240.4,167.4,53.5
2066,217.95,140.8,114.45
1735,245,100.85,155.65
1832,228.85,97.3,143.55
4152,134.15,66.75,99.2
4276,128.05,60.1,95.7
3374,160.7,93.8,122.95
380,351.65,69.95,65.55
2232,249.4,173,49.2
668,273.75,107.95,191.55
789,275.75,109.5,185.7
5006,118.9,44.2,52.3
2930,184.35,74.7,110.35
88,319.7,227.45,106.65
4340,125.35,59.85,95.2
2516,237.4,161.5,44.6
1000,268.35,113.3,177.45
4073,139.3,80.15,101.35
5261,101.1,29.75,63
488,288.75,119.95,194.55
2487,224.5,81,142.55
5201,104.65,32.2,61.3
6028,78.05,27.3,42.55
4453,151,60.35,53.4
74,295.95,133.55,219.45
4605,140.15,65.6,62.3
1423,256.85,104.35,160.9
1222,264.85,121,167.15
625,311.95,176.6,123.3
2989,210.45,145.9,51.4
2728,216.3,72.6,134.4
2619,213.8,135.5,88.4
5442,96.3,38,55.35
4770,124.7,56.05,72.65
767,268.25,102,186.55
387,324.1,183.1,121.85
11,369.2,81.4,72.75
193,326.15,190,136.6
4672,126.65,57.4,72.85
3661,157.65,50.6,92.3
1476,256.95,96.95,151.85
209,362.7,82.65,72.9
570,310.9,175.3,124.65
152,296.85,133.55,218.65
4095,143.15,51.35,82.3
1597,260,185.7,73.2
1580,241.1,108.5,149.95
3058,175.05,84.9,128.45
4836,126.45,48.65,59.75
3500,158.2,90.9,119.3
1445,256.5,101.6,159.25
4772,120.6,43.65,64.8
497,320.2,181.25,118.8
3819,167.35,59.45,83.05
3763,145.4,75.6,111.85
4937,119.85,42.05,60.05
940,306.65,211.35,55.15
518,317.35,224.2,71.1
863,265.5,98.95,183.05
3472,162.95,50.75,97.5
85,329.5,233.65,83.35
979,260.25,97,182.2
3900,156.2,66.55,96.65
3292,165.25,54.8,104.5
688,314.25,220.9,66.5
5136,107.9,37.15,66.8
1781,235.9,100.35,140.8
282,315.35,218.25,88.4
95,329,233.15,82.85
2114,225.75,88.8,125.9
2984,208.7,127.9,71.3
3993,154.55,48.85,79.3
1370,272.55,167.5,81.4
0,288.3,126.9,212.6
4753,144.75,57.95,30.2
5996,69,34.55,44.75
1,346,252.15,97.1
6062,69.65,36,40.55
2,378.35,78.25,43.1
5235,94.25,25.4,65.1
17,285.55,133.2,226.25
514,310.1,221.55,90.45
329,327.7,241.15,94.25
4517,126.3,54.4,62.95
2697,174.1,73.8,114.2
633,294.65,152.5,163.7
5474,88.35,31.4,55.55
1167,243.5,100.45,177.95
4611,123.95,52.8,67.9
2503,235.95,164.85,57.05
5333,91.55,33.75,60.6
4195,153.05,66.9,59.6
3490,171.65,137.65,75.95
4976,105.4,36.35,71.4
1346,236.4,101.85,183.45
4231,134.95,59.95,72.15
168,301.35,211.35,147.5
580,265.65,115.6,193.2
3679,168.85,45.4,105.15
5605,83.25,30.45,54.6
606,317.4,230.95,86.35
3,374.65,77,47.85
1680,271.4,182.25,69.55
5855,75.5,39.6,45.9
500,311.3,219.2,93.25
3399,183.05,140.75,67.6
1975,206.65,98.75,141.6
856,286.1,199.4,119.95
1524,232.65,84.95,166.2
610,316.45,230.2,86.85
1119,250,101.25,188
1707,258.1,104,138.1
5157,111.05,40.4,52.95
470,335.75,236.3,74.55
3274,180.95,133.85,73.55
3596,148.95,62.95,101.25
43,342.1,242.4,92.45
104,282.5,130.1,223.95
1886,231.4,78.4,152.75
1057,289.45,148.85,150.05
1924,256,175.35,70.75
1742,235.3,83.25,159
651,313.65,234.05,86.7
5493,93.35,49.75,51.65
1396,246.6,168.2,112.05
1129,267.25,189,107.2
2630,189.95,89.55,110.7
892,280.4,192.75,129.55
2357,200.2,97.35,113.1
98,346.3,245.2,85.5
219,356.6,60.85,51.8
5232,109.6,36.9,51.5
5169,97.95,28.45,65.5
3397,179.15,62.8,125.1
1113,274.4,196.95,120.8
1618,272.75,184.05,74
3592,166.3,70.5,71.95
2925,218.4,117.55,62.25
4922,114.55,42.35,63.85
370,275.8,114.65,202.1
707,288.05,203.55,134.25
5656,82.15,47.7,57.85
534,264.25,115.9,198.35
88,284.9,123.9,207.85
4785,117.75,40.9,84.1
2123,223.55,116.4,104.55
98,362.6,65,53.05
1272,238.8,105.15,185.95
5192,100.1,38.15,60.55
212,346,246.55,81.3
3178,215,81.2,93.2
5911,77.35,41.1,39.45
181,278.8,126.15,220.35
351,300.45,157.75,176.8
1793,213.6,107.85,150.75
1246,240.2,105.05,185.75
348,352.65,58.15,45.95
299,274.75,122,216.35
10,364.9,69.1,56.65
1598,252.1,178.7,90.4
2004,232.9,95.4,152.15
2193,191.25,100.95,155.75
2050,235.35,161.6,87.05
927,285.25,143.45,156.15
1423,226.85,110.45,156.4
1996,209.2,98.65,144.55
1446,224.9,110.45,157.2
742,286.15,191.05,131.45
88,283.6,123.5,210.95
4018,130,73.25,103.7
1049,289.05,148.85,150.85
4644,142.05,59.4,40.4
518,293.8,213.05,112.45
0,380.9,64.05,35.3
6,342.25,280.1,110.6
5378,91.2,23.3,63.1
5414,77.7,34.7,70.3
4857,147.55,50.6,27.05
5822,79.05,32.55,50.8
1,385.9,66.95,33.8
11,304.75,149.2,241.45
834,292.6,163.5,174.95
337,362.15,52.6,39.65
5322,96.65,34.8,57.5
3249,168.95,80.65,129.25
3044,187.35,87.1,115.45
4154,167.4,63.9,45.25
4652,123.4,54.45,75.65
654,319.85,226.5,102.6
4668,139.05,50.6,52.6
1794,236.3,95.3,169.4
5015,101.4,48.45,78.2
651,285.25,138.6,223.5
3591,192.4,89.4,60.8
2789,194.95,82.7,122.3
5767,78.8,31.8,53.55
2244,229.95,130.6,124.95
1311,249,103.2,194.2
4977,102.05,49.05,79.55
2540,198.8,97.4,141.05
3,346.6,267.3,109.45
1030,313.7,201.7,76.2
254,298.1,174.45,215
3861,155.25,67.25,90.95
57,344.45,271,107.4
126,302.75,145.7,237.45
76,376.5,61.15,35.85
442,296.3,176.15,204.6
233,294.4,221.35,159.2
1218,272.9,207.95,107.85
730,272.6,154.05,197.3
4515,161.7,59.55,29.9
4379,144.6,75.25,68.3
2179,243.25,167.65,74.4
460,287.55,171.2,214.95
1436,238.25,121.45,167.45
4569,117.65,45.6,88.8
3640,160.55,65.85,97.9
320,323.5,256.25,106.05
13,367.4,64.8,53.95
267,301.7,181.3,211.5
2038,212.75,109.15,148.95
439,287.2,137.05,227.25
472,331.4,234.25,95.4
194,301.2,142.65,232
1940,218.8,119,150.95
4826,111.7,49.45,81.95
3410,164.6,77.65,101.45
908,282.6,159.2,186
1653,259.4,190.35,81.2
5641,87.05,35.05,53.8
3740,174.8,73.6,61.95
2856,199.75,95.7,114.35
4273,152.15,70.25,69.2
5430,92.4,39.95,62.5
1562,235.15,120.1,162.8
382,336.1,255.3,84.2
5411,81.1,36.05,67.6
1259,266.35,153.75,181.55
935,292.95,194.65,119
4266,149.25,69.4,72.4
986,284.7,214.55,104.85
1379,244.85,125.65,161.75
4405,141.9,58.25,64.15
7,342.3,280,110.4
3499,192.05,97.1,64.8
3148,182.25,84.6,112.35
2406,206.1,107.5,139.75
621,295.6,220.25,122.35
909,277.95,122.75,198.95
5615,87.75,36.45,55.3
2069,215.9,103.25,147.55
2062,232.8,133.85,133.45
2371,208.5,100.85,138
1147,260.95,154.45,183.5
1717,271.1,186.35,59.8
1117,274.75,211.1,105.55
476,325.5,230.85,99.65
203,328.75,240.8,121.65
2294,207.4,105.55,135.3
570,294.8,168.8,200.7
2368,242.4,141.55,94.8
3437,171.95,78.45,96.45
1862,245.45,183.6,88.25
1432,264.45,200.4,100.05
958,285.8,216.25,106.25
1852,255.1,182.25,70.95
1411,270,193.6,85.5
56,339.8,249.65,117.45
4734,113.1,44.4,84.75
433,312.5,246.4,98.85
3956,181.85,50.7,75.8
0,304.3,173.05,212.2
0,384.35,60.75,81.65
5942,76.25,31,46.4
4,295.6,166.2,222.75
5532,114.55,37.05,28.15
5535,96.65,27.15,51.4
9,338.2,274.05,111.1
6040,85.15,34.3,32.95
5251,103.75,34.95,61.8
983,317.5,197.05,122
3484,182.4,102.55,79.65
26,350.35,233.75,157.2
2197,248.8,179.85,55.6
5516,114.4,37.1,28.95
72,303.05,168.3,207.05
2114,247.65,99.65,118.15
2468,188.4,94.65,128.55
1479,224.35,123.3,137.1
5221,111.95,54.7,59.25
732,273.95,136.8,180.35
1653,232.4,111.7,164.3
1475,253.65,111.35,145.9
143,377.25,55.3,78.45
215,370.75,53.1,80
653,316.75,247.9,89
4016,150.15,68.5,73.35
3616,182.85,83.95,55.65
1854,213.4,113,129.45
1158,258.85,130.6,172.3
2787,242.7,39.75,39.95
5050,119.75,40.4,47.9
365,365.9,48.8,77.6
3171,201.8,82.7,100.4
2336,209.4,88.55,143.55
1592,230.4,108.35,168.95
1078,258.15,140.75,191.5
511,356.7,46.8,77.95
1729,249.15,188.25,102.35
2388,190.25,98.2,114.2
1496,241,118.8,166.3
1653,216.6,114.85,131.8
2277,220.05,96.6,133.5
1546,221.5,118.3,135.85
2966,176.75,90.3,97.3
1013,296.6,239.3,88.4
419,291.7,150.3,183.9
41,299.25,169.75,215.7
1710,248.15,187.7,105.1
1649,228.2,106.2,167.35
370,348.75,216.6,126.65
303,328.25,214.3,151.4
1345,266.25,198.75,105.75
273,287.95,148.8,193.9
2581,211.7,154.95,76.35
2134,224.7,95.75,139.6
2229,235.8,160.1,71.45
5652,92.3,44.6,41
4669,129.5,61.9,57.4
2176,243.65,97.65,118.1
346,330.7,258.6,91.75
0,302,170.8,216.65
136,288.4,151.1,201.4
1032,305.7,225.15,84.55
111,310.2,222.95,179.7
310,322.65,260.5,109.7
1671,243,109.55,146.8
531,303.25,206.95,146.65
1579,269.95,212.3,91.4
5000,119.05,43.85,51.05
3024,202.15,88.65,72.65
4235,146.25,63.3,60.95
3051,168.5,80,103.3
5580,98.3,34.25,42.05
386,322.6,235.95,111.35
133,295.35,156.8,198.6
4448,152.25,72.05,48.65
95,347.55,231.7,155.35
572,288.05,145.9,176.6
896,269.85,138.25,174.15
2912,238,39.1,36.95
2965,235.35,36.1,36.95
5705,88.85,41.9,41.2
2586,209,99.05,89.25
1333,295.5,234.5,69.65
24,336.9,271.95,112.25
891,346.6,42.6,67.9
3907,160.2,78,73.55
2239,195.3,101.85,119.05
381,284.1,147.15,188.35
931,310.85,229.7,84.6
4487,128.45,58.2,65.75
4415,125.65,53.95,89.85
4137,170.95,70.5,44.75
3317,189.05,90.3,79.15
1242,295.2,217.15,79.4
3118,195.35,95.85,86.1
336,324.55,251.6,108.35
428,305,203.7,153.3
808,304.65,245.5,93.05
455,327.4,254.8,88.65
0,339.95,257.15,102.1
5630,106.3,45.35,30.3
5768,75.8,31.2,56.9
5995,72.1,35.6,49.15
3,276.45,141,223.75
5671,70.2,40.3,62.9
1,374.25,106,65.9
392,316.05,238.75,98.1
149,329.95,250.95,95.85
430,296.65,231.55,145.95
3958,142.25,81.1,106.1
1465,238.1,110.65,171.1
3346,156.05,80.65,112.55
4332,145.1,61.05,70.6
475,266.1,135.45,205.95
344,308.35,234.75,116.1
242,272.25,138,216.25
3065,179.5,145.45,85.75
1976,228.6,183.7,98.6
3120,199.5,156.55,69.05
119,368.85,102.65,65.6
632,257.7,127,203.25
1044,253.8,121.15,180.15
986,259.3,174.6,155
750,258.8,144.85,196.5
2647,187.95,92.55,130.25
1101,292.1,211.1,79.75
3551,181.6,103.2,76.7
12,276.75,143.55,222
5721,94.55,40.7,40.65
363,263.45,129.1,209.75
5282,113.8,48.85,41.6
217,275.05,155.3,212.2
4154,162.5,73.55,49.5
1335,240.85,163.7,151.6
5450,81.5,48.2,68.8
285,286.6,198.65,184.05
149,281.8,151.05,209.25
732,304.3,216.75,93.2
3235,172.2,83.15,124.7
4676,135.2,67.05,58.35
2288,217.65,115.75,132.95
3754,184.6,139.15,35.3
33,331.25,251.95,103
2221,215.55,178.55,102.15
208,303.85,227.5,124.7
2138,212.75,168.8,123.5
2043,217,118.4,134.5
1779,246.5,120.4,138.1
528,311.25,222.95,103
4279,122.25,65.75,104.85
674,269.55,136.9,189.35
2866,172.45,96.8,143.4
4595,130.25,53.35,60.85
30,338.45,257.15,102.1
4968,97.6,57,82.3
4763,127.6,51,54.35
2053,211.1,109,162
801,301.1,219.35,85.2
1835,240.4,195.3,109.15
889,249.85,120.35,191.1
2707,191.35,101.4,121.05
2470,195.8,110.9,141.85
5653,88.55,36.2,46.65
2799,184.4,90.55,125.8
1711,284.8,67.55,54.15
3801,152.85,75.45,87.8
1213,240.9,160.65,158.25
3676,137.8,74.2,120.55
1471,242.5,194.2,116.75
1897,223.85,108.15,152.95
969,260.55,128.65,184.15
3632,176.55,89,69.65
1370,251.1,122.2,167.25
5034,104.45,60.9,74.45
2107,213.85,168.5,122.25
1875,232.3,185,100.15
450,343.7,84.9,66.05
2380,246.7,190.5,71
1519,244.55,189.1,109.8
5594,94.85,37.9,47.55
1413,247.6,114.15,161.85
2636,221.95,40.55,62.9
3825,164.2,128.1,51.75
2167,217.85,179.95,103.65
4555,116.05,60.25,86.1
690,255.35,125.55,201
332,347.35,86.3,68.95
4916,107.7,58.1,73.4
2448,209.35,180.2,88.9
5563,107.55,46.6,34
1642,240.7,196.4,112.55
3755,156.65,74.8,83.7
3223,198,153.45,58.9
5129,105.7,60.15,67.9
4122,163.5,74.9,49.15
1327,311.35,70.9,43.5
788,270.2,149.1,181.05
5587,96.95,41.95,45.35
0,301,145.85,219.2
5127,102.5,23.65,66.35
3,300.55,150.45,229.25
9,385.95,80.6,44.35
16,334.7,252.6,93.85
6165,73.8,30.55,37.5
5040,139.3,40.05,24.8
3500,157.2,61.65,104
5906,80,30.6,42
271,367.1,72.8,48.2
270,292.2,137.4,211.95
1261,269.3,122.6,181.95
159,344.6,66.05,81.25
3216,184.2,145,69.4
4290,129.05,60.35,85.35
341,339.6,227.75,69.7
2267,202.75,99.25,128.55
2940,188.95,84.8,103.35
1066,273.45,200.55,113.05
3753,150.15,65.9,95.1
5317,97.5,26.65,63.35
55,299.2,150.25,228.05
4933,144.65,45.55,29.95
5013,133.1,44.7,34.85
102,377.4,77.2,53.1
1477,253.25,101.25,172
736,282.75,127.7,201.4
5265,99.05,27.1,64.65
2664,209.6,157.55,77.25
5535,96.7,40.8,50.25
3527,174.75,64.3,79.25
159,296.75,141.75,220.8
1021,308.65,219.25,60.4
2537,223.6,180.35,75.35
652,289.5,114.35,186.6
625,286.5,114.15,190.7
443,326.4,242.85,78.35
12,329.6,196.6,172.75
2022,223.75,107.3,137.65
1416,262.55,108.75,175.85
1344,264.8,190.4,100.9
4958,142.15,41.25,26.75
5081,115.65,37.4,55.7
5601,95.1,40.6,48.4
720,279.45,128.5,200.05
139,376.3,76.1,51.75
1131,289.15,155.2,146.15
1165,244.45,124.45,167
2260,231.35,160.45,80.8
222,291.6,132.45,216.3
932,273.6,212.25,120.4
3858,182.05,57.2,45.25
4536,125.05,35.95,76.35
2582,194.75,93.05,117.2
2403,190.05,82.6,122
1193,304.8,205.6,51.75
805,313.9,222.4,67.6
1638,248.4,98.95,168.9
1486,270.15,110.45,162.4
1721,241.6,176.35,97.45
1064,259.4,146.25,162.7
2807,192.75,88.4,107.85
3137,173.5,68.65,111.85
427,326.7,236.55,78.95
2773,221.85,68.4,133.15
421,287.4,135.3,213.6
523,320.55,213.05,79.7
4958,135.7,47.35,38.75
676,285.55,123.8,196.35
951,314.7,217.1,58.4
166,342.35,246.25,89.75
1796,251.7,185.65,91.1
1710,246.9,192.6,102.25
3017,224.95,70.2,110.7
1957,234.65,169.2,94.4
4715,123.95,71.2,73.95
501,293.1,212.7,126.45
4065,167.3,73.85,58.55
815,301.2,165.25,152.15
4814,112.1,41.2,71.45
4917,107.2,48.95,72.7
4826,108.05,30.9,74.35
3063,222.65,67.85,110.1
911,304.45,162.25,144.55
4427,131.6,55.35,79.85
251,368.1,72.8,49.2
2114,207.2,98,136.7
988,313.6,216,57.05
5883,81.05,31.8,42.8
1391,260.3,195.2,106.35
4019,172.35,80.1,58.55
890,274.55,212.3,121.6
2370,200.45,96.15,124.8
2590,194.35,92.55,116.8
3196,185.2,146,70.4
365,322,231.15,83.55
1174,281.95,153.25,140.2
539,296.25,132.45,197.65
2759,220.2,70.9,134.75
3942,151,57.5,88.4
0,325.9,253.5,101.85
0,337.75,257.85,100.95
5698,79.55,25.65,53.8
5774,76.5,30.7,50.05
5821,77.25,29.05,48.95
756,254.25,110.75,202.4
4868,138.5,45.5,32.2
0,374.7,65.6,50.35
92,310.6,214.45,114.6
34,323.45,248.35,99.75
913,333.8,46.85,38.55
812,263.4,169.55,122.85
3629,170.5,122.35,65.55
455,286.55,188.75,135.3
1724,237.45,97.6,169.4
2927,164.8,82.85,128.3
361,353.05,55,49.45
1742,208.95,117.05,159.6
1638,237.8,156.65,106.6
5532,86.25,31.1,55.75
1121,281.25,222.65,81.55
1572,241.3,172.9,96.75
398,304.55,211.3,104.45
4833,139.15,45.85,33.7
646,343.15,49,44.3
2183,219.8,87.45,151.6
220,317.55,244.65,94.65
296,359.9,61.75,45.8
1195,244,105.45,187.5
1099,257.25,164.9,112.85
2693,190.7,76.55,145.05
1439,236.65,100.85,173.25
96,366.8,67,50.7
845,252.25,111.3,193.4
4155,123.75,63.25,105.65
5314,92.75,41.35,58.7
1792,231.85,92.15,167.45
5449,88.75,37.95,53.8
5119,101,36.35,61.45
3052,177.25,71.35,141.05
902,275.15,206.55,117.65
2750,197.95,147.5,87.7
4704,121.65,60.55,74.5
3776,185.65,83.25,67.55
2356,215.9,148.8,90.55
631,343.9,49.25,44.55
2153,224.55,150.2,95.55
118,291.95,195.35,148.35
1869,228.8,89.75,165.25
3610,167.2,58.15,124.55
3855,132.9,71.6,111.9
3230,155.05,79.2,120.05
5340,93.95,33.45,56.05
33,280.1,199.3,162.9
384,276.2,177.7,149.8
4075,151.7,82.75,57.3
4445,110.35,53.25,94
2270,216.4,84.75,155.9
3342,155.4,76.1,116.15
4688,144.3,52.25,39.95
326,317.7,244.95,90.3
5463,82.1,32.75,60.2
2514,200.8,124.9,103.15
2720,199.75,140.8,85.6
3094,182.8,68.45,136.95
2659,186.55,90.5,121.85
3452,143.55,73.6,123.3
4790,113.35,56.55,69.35
680,259.4,115.35,202.2
600,274.45,184.9,132.1
3952,130.05,70.85,110.15
81,308.65,241.55,108.2
2239,206.8,130.65,112.65
4218,145.05,75,53.3
751,267.8,182.6,129.8
1148,246.2,106.9,182.9
179,309,241.45,104.45
5009,96.75,43.35,72.7
506,301.5,232.25,94.85
3356,195.3,90.25,79.95
4651,119.3,55.7,77.5
1392,223.55,143.6,142.05
2975,202.05,135.8,68.8
4536,106.7,50.25,91.1
5260,95.7,35.85,63.15
1954,233.25,176.05,97.8
5214,97.6,43.1,63.55
9,281.5,200.6,163.9
4328,126.2,59.2,87.75
2330,207.95,80.35,143.8
853,249.4,109.15,201.4
5667,80.1,27.15,53.85
4325,141.95,74.25,51.3
971,243.6,109.35,198.05
3593,146.7,71.7,107
4521,107.45,51,91.35
1023,267.65,200.75,116.35
903,272.05,203.25,119.25
5054,103.75,45.6,66.7
2907,204.75,140.05,70.95
0,296.5,147.9,236.2
5275,78.7,33.3,76
15,294.05,147.75,239.45
5480,84.45,24.95,65.5
4,353.6,252.15,86.45
3,382.85,88.15,42.55
4200,175.45,66.05,28.45
5847,81.5,29.05,46.45
295,309.25,156.5,206.25
5724,87.5,29.95,48.5
960,249.25,164.7,148.45
17,354.85,247.75,79.05
226,289.7,141.3,224.7
605,275.9,181.4,156.5
691,320.2,223.8,73.45
799,271.25,209.55,144.6
5152,114.9,40.65,46.05
99,368.65,84.75,49.5
3296,165.8,86.7,97.55
3890,188.4,72.6,34.5
3408,200.35,80.3,51.7
148,280.3,184.1,180.75
405,288.75,139.8,216.45
2978,184.35,75.05,93.95
2083,225.95,93.8,133.95
779,282.85,135.65,201.15
389,329.95,235,79.35
4830,129.05,63.45,56
1251,286.85,217.5,100.95
2316,196.5,110.15,137.5
689,261.35,168.45,164.6
5346,100.6,37.25,50.95
2392,207.75,124.9,127.05
5520,96.15,36.45,51.05
77,292.9,143.15,228.2
819,266.95,125.65,176.4
3511,165.1,82.6,91.65
4752,136.15,50.9,47.7
2740,210.6,106.6,84.95
2544,215.6,111.6,89.95
1642,236.45,100.5,150.65
5002,109.6,45.75,67.2
64,297.25,148.1,231.7
445,271.1,173.95,167.25
4852,95.55,44.15,90.2
3611,171.6,87.1,81.15
4806,111.95,49.4,75.2
715,300.85,148.1,186.85
3869,159.05,53.15,64.95
519,288.5,139.6,212
4666,140.6,56.1,46.75
907,302.4,227.85,113.65
359,274.5,178.1,171.8
4879,136.3,60.2,46.45
827,275,130.1,171.65
4029,131.55,60.35,102.4
3736,163.45,55,70.25
508,281.1,220.15,157.7
1402,250.3,200.3,124.15
572,283.55,136.25,212.65
2471,206.85,124.2,124.65
860,305.5,236.45,123.7
1075,258.3,117.45,169.5
1629,275.6,206,85.65
1551,246.8,196.3,119.3
349,342.2,241.1,73.6
4158,177.5,67.3,29.2
1379,238.8,104.5,165.9
4431,120.75,50.9,85.75
2200,244.8,152.7,77.7
892,264,124.6,179.9
567,269.35,173.05,165.1
1291,266.3,198.95,117.05
2143,205.5,108.3,129.75
4284,147.45,62.15,68
4297,160,71.8,54.6
5027,108.35,45.75,67.2
1745,248.1,191.75,110.15
258,346.15,245.05,74.4
635,295.3,145.6,196
223,373.9,87.3,38.6
3804,193.85,78.55,40.95
18,382,88.5,42.9
4486,117.75,57.05,85.95
4513,140.65,56.25,59.05
1919,239.4,126.05,111.6
1919,241.15,188.45,106.65
463,303.05,150.25,196.75
4340,147.4,53.25,55.75
552,299.5,147.25,194.65
1177,261.05,119.2,160.9
1171,256.35,206.6,132.8
4598,149.9,61.2,41.25
2668,185.7,100.25,122.25
32,380.35,87.1,44.15
5321,96.85,37.7,62.25
1825,221.95,116.55,132.95
2084,229.75,184.75,105.85
1442,251.8,109.4,146.95
2234,218,97.75,142.7
5762,74.1,40.45,53.45
0,383.1,90.8,50.05
6,353.55,275.9,87.2
4891,114.65,28.05,67
6000,79.1,38.3,41.2
38,284.75,164.35,206.55
4496,159.1,69.35,27.8
2402,195.15,100.95,127.65
46,345.4,267.55,90.45
1375,231.75,118.15,173.85
146,364.1,88.85,68.75
409,324,245.5,74.05
2802,212.65,166.35,64.05
941,302.15,220.35,58.4
873,305.45,222.55,59.95
1537,249.95,181.7,117.8
646,292.55,229.1,119.95
5254,106.1,53.3,46.55
5109,124.35,57.2,35.6
848,256.1,140.2,182.6
2881,186.95,101.9,112.2
695,280.45,199.8,135
2333,225.6,173.85,74.55
391,296.05,213.65,145.95
1013,253,134.5,168.95
475,293.45,211.2,141.15
3039,207.15,162.75,57.45
27,369.25,93,67.7
2706,188.8,102.65,118.4
1482,235.5,114.65,159.95
2534,236,174.55,53.9
434,265.2,147.2,193.35
4,337.5,260.05,96.15
3076,181.1,79.9,105.85
652,288.15,204.15,131.45
745,287.05,206.7,133.55
354,308.7,251.3,118.85
2130,203.25,98.85,152.35
1733,230.7,109.6,150.8
3327,164.6,78.25,100.9
3256,169.35,70.05,101.1
1518,239.85,122.1,154.35
2162,218.5,161.85,112.45
1119,245.4,133.75,172.8
1448,230.2,107.7,165.25
1245,254.25,189.3,137
2568,227.2,129.9,104.55
2201,228.7,178.55,79.4
3174,171.25,85.05,108.95
4861,116.15,29.55,68.5
5312,101.65,51.2,58.4
230,273.7,157.7,204.25
535,261.45,151.6,190.75
4358,130.05,75.15,85.1
4766,144,64.35,31.8
1278,243.35,127.35,161.35
3156,178.55,79.95,96.8
4192,138.8,85,89.4
198,339.8,261.8,83.55
5830,83.8,42.5,45.6
68,319.15,258.25,129.6
779,319.45,195.95,85.8
2878,209.6,165.7,63.4
293,320.35,240.6,107.95
3783,173.15,98.9,82.25
3659,152.5,71.1,92.8
371,337.65,253.95,75.3
697,311.2,233.55,65.9
793,276.3,205.15,143.6
5362,95.9,49.95,55.45
123,376.1,86.3,51.3
2640,222.55,177.7,67.1
5928,79.7,39.55,43.45
2165,232.25,178.75,76.45
2241,200.35,104.85,138.85
1219,247.95,128.55,163.4
1654,233.65,112.5,153
871,250.85,143.55,188.9
574,267.95,150.3,186.9
3398,164.8,76.45,94.45
1880,214,111.1,161.3
382,270.05,154.7,193.85
204,282.3,161.65,200.9
4574,127.95,38.25,70.4
4707,135.65,71.65,60.7
3977,145.25,80.9,94.05
821,274.55,192.15,124.45
4068,145.9,74.9,67.1
5764,89.9,46.8,41.2
4859,139,69,44.3
5454,92.3,46.8,52.95
294,301.3,240.05,125.35
276,272.45,157.05,202.55
1975,216,127.2,148.05
2637,226.5,183.75,66.95
1080,270.8,191.7,122.3
4388,154.8,73.3,40.55
1429,231.55,116.9,171.6
1701,223.45,120.05,160.85
3468,161.2,72.15,97.85
0,377.15,83.65,70.9
5550,113.1,42.25,28.45
14,328.75,248.55,113.2
5531,92.7,22.2,54.4
0,384.6,83.2,65.65
6098,73.85,28.55,41.2
2,308.65,151.7,225.3
6102,74.2,27.6,39.9
2448,208.15,73.8,138.45
2213,222.45,96.25,150.75
3892,160.3,70.25,73.5
1542,249.95,107.35,170.55
8,306.85,153.05,216.6
5751,100.2,37.9,31.9
2618,202.45,68.95,130.9
2395,212.2,75.95,135.65
222,298.8,149.2,221.95
1687,246,181.45,90.85
4627,133.55,42.6,93.5
3629,181.75,87.3,78.55
3066,196.8,100.1,95.9
4830,119.55,46.9,60.3
239,362.75,74.25,69.95
639,289.65,202.95,100.15
1151,302.15,176.15,113.95
4321,137.9,50.55,73
5496,96.35,23.7,52.45
2953,191.6,61.8,125.95
5888,82.25,30.45,43.15
359,302.55,221.85,104.3
413,293.05,134.05,191.8
5268,107.8,45.2,51.1
4149,157.65,63.75,59.5
392,343.75,65.65,79.25
897,279.6,119.6,179.95
1737,271.95,165.3,106.9
3345,174.25,76.8,87
445,354.2,71.15,66.35
797,282.75,124.45,176.95
332,286.95,135.2,198.9
401,305.65,210.25,109.5
2676,224.95,160.45,56.45
6035,77.55,30.2,40.4
5167,103.05,26.7,61.65
5420,92.3,35.2,56.05
1274,257.6,103.55,165.25
103,310.25,146.15,195.85
164,308.25,213.55,120.25
2923,193.1,62.3,126.2
5102,113.4,41.95,58.35
2366,231.65,167.7,68.45
4278,144.25,60.6,71.7
488,285.6,125.5,205.5
1623,251,115.9,159.5
355,315.45,231.05,102.3
43,303.35,143.1,208.7
4197,132.2,51.45,82.4
832,267.5,128.55,181.15
468,350.85,73,69.95
266,290.55,139.05,202.85
560,312.75,191.8,151.25
650,310.95,227.6,88.4
1034,266.5,137.85,153.65
4014,155.8,56.1,109.65
3926,150.6,60.55,84
3413,164.95,67.2,89.3
5707,89.15,29.55,44.9
4021,144.4,55.35,83.5
670,283.3,129.9,188
3593,183.35,88.7,79.5
4454,152.3,41.55,80.2
1453,274.85,194.9,71.55
3179,183.65,53.9,116.2
4726,125.05,51.05,63.35
984,305.8,185.15,120.95
1570,258.1,129.05,134.5
3404,169.05,87.45,112.7
3258,181.45,94.6,107.15
1010,262.25,136.35,159.7
3037,224.35,82.65,98.5
67,370.05,78.9,69.45
139,322.9,239.85,107.15
5871,82.35,30.15,43.85
766,284.55,190.15,98.65
137,325.45,242.3,105.9
1332,253.3,103.05,167.5
955,291.5,161.4,137.95
2733,198.95,66.7,123.8
933,329,59.65,62.65
1958,240.1,170.25,81.7
139,318.75,234.5,111.05
57,370.55,79.4,69.45
2119,236.95,103.4,156.6
2865,237.85,91.7,98.65
2020,244.85,112.55,156.25
534,293.55,135.4,183.45
2628,228.75,160.95,54.2
2727,219.2,161.05,60.25
1604,251.4,116.95,160.8
223,321.85,195.6,162.6
0,374.15,81.5,56.55
5633,107.1,45.15,25.85
5735,82.6,26.65,46.45
5973,77.4,32.4,39.4
5840,73.05,30.4,50.4
2,376.8,83.2,55.45
90,292,151.2,199.2
3,342.95,247.15,96.3
1768,282.85,205.35,58.1
584,273.05,128.7,170.1
2399,220.95,79.1,141.35
224,306.75,164.3,179.4
42,297.3,157.45,192.6
200,310.8,187.7,134.6
447,299,177.85,128.8
512,321.3,225.35,84.35
106,294.2,155.55,196.45
563,347,67.05,47.35
5124,99.25,40.75,64.1
310,301.25,185.4,100.6
4111,139.6,64.85,90.85
489,319.35,218.8,85.65
4617,141.55,69.25,43.9
1457,240.65,135.15,127.4
338,286.2,136.95,185.05
978,302,161.65,59.15
3856,170.1,85,59.4
4987,110.2,40.95,55.9
815,265.05,122.45,165.35
269,317.8,233.2,121.35
1662,236.45,100.6,139.2
4759,143.8,74.8,32.85
5310,115.85,52.4,35.85
1466,281.2,191.8,73.35
1571,248,151.5,83.35
2745,203.05,65.15,135.75
876,261.95,121.8,162.25
270,289.65,191.05,132.85
3851,148.35,57.75,85.5
133,336.35,240.05,93
90,341,244.55,94
1222,251,107.3,146.4
2337,224.7,147.75,64.7
1092,253.25,112.6,158.05
3646,164.2,72.3,71.7
646,270.35,166.3,119.5
89,367.9,76.5,54
1343,258.75,116.3,128.6
5601,83.3,35.35,53.2
1983,217.35,106.4,155.6
851,281.85,139.4,151.45
740,268.75,167.9,114.35
4271,158.2,56.75,100.65
924,263.1,118.9,160.2
5939,81.45,33.7,36.85
4138,138.35,63.75,89.85
5811,74.3,29.6,50.95
456,319.25,219.05,87.65
4322,136.2,61.15,55.85
2279,227.35,149.45,66.6
1336,254.6,133.8,121.7
3514,165.2,57.85,85.5
1876,245.65,109.95,106.45
433,326.2,228.95,81.6
5435,92.75,37.75,57.85
1751,222.95,103.65,123.75
5598,103.95,44.95,31.2
1636,244.5,148.45,79.75
1899,218.55,104.5,120.1
4360,132.4,59,57.45
2270,206.8,93.6,145.65
207,330.8,237.75,89.75
165,364.5,74.65,52.5
2523,200.95,94.05,103.95
2560,204,96.65,100.85
3444,176.5,86.85,71.1
1823,238.75,144.9,75.95
2875,189.75,89.25,87.5
444,287.05,140.15,173.45
4580,129.8,57.95,72.85
2499,202.05,95.25,105.05
498,279.2,140.45,181
608,278.35,132.2,161.6
2919,205.2,70.7,123.2
5645,96.7,37.55,37.15
1197,254.2,114.35,148.85
1201,256.75,116.85,148.2
2829,184.4,82.95,116.2
4467,154.7,55.75,94.35
1804,247.65,110.3,110.1
5151,119.95,54.55,40.8
1729,243.95,107.95,115.5
3332,180.45,82.7,70.1
162,356.3,73.4,58.95
3083,188.15,88.05,76.25
5510,108.7,47.65,29.9
2056,216.35,107.55,149.05
5007,126.6,55,42.65
681,285.4,141.2,156.55
0,342.1,267.2,100.35
6123,70.65,27.3,45.35
27,299.6,157.8,223.65
2,380.95,77.65,43
1,342.55,270.3,99.55
5328,121.55,51.15,25.85
382,323.4,219.65,118.05
1600,263.75,131.95,149.7
3884,182.45,99.2,52.35
1311,240.05,134.65,158.45
194,333.5,258.8,98.65
3145,203.9,83.45,71.6
4015,157.3,82.35,68.6
1029,273.4,144.25,177.25
4741,147.2,74.55,39.55
1137,281.4,136.15,167.5
364,304,210.1,145.05
46,301.15,162.45,215.1
570,278.7,145.5,201.75
164,296,156.25,219.25
680,285.4,147.85,194.9
1219,260.7,196.5,109.45
2402,232.15,168.5,63.25
947,293.6,230.2,101.7
992,275.35,145.55,178.5
298,293.15,152,210.8
3484,178,85.25,78.6
2871,218.3,94.25,73.35
223,365.45,73.75,46.55
1609,259.25,127.9,161.95
1746,249.8,188.8,96.9
5638,89,41.85,50.35
4191,136.8,62.05,74.7
3672,191.4,107.6,56.4
5469,113.4,46.7,30.85
5088,117.05,52.4,51.5
3556,173.1,79.55,81.85
2840,193.75,103.2,113
5572,103,44.6,35.65
1867,246,121.6,163.6
5855,84.9,35.65,42.5
2605,221.3,117.1,80.6
3813,159.3,68.35,105.05
0,380.6,78,43.3
722,307.2,244.9,96.5
463,292.95,154.45,205.9
1200,270.9,192.6,90.6
687,284.4,146.2,195.85
4918,120.25,57.15,58.05
1599,260.25,129.95,160.75
885,291.15,144.45,168.7
503,306.15,160.3,185.55
2129,241.55,175.2,58.85
1501,257.65,191.45,78.1
4520,132.05,60,56.95
136,318.9,208.85,146.55
1954,237.4,202.45,108.85
2968,168.3,97.25,129.4
5594,103.75,42.65,33.55
5766,81.6,37,49.5
901,295.9,231.4,101.8
1833,220.75,122.7,141.55
2742,214.35,165.2,60.5
4945,124.2,57.25,53.35
1968,216.9,118.95,133.3
2198,228.15,192.35,104.3
1947,252.8,176.65,64.8
4678,148.5,70.95,43.35
2513,203.55,108.45,118.3
862,277.7,141.4,190.7
80,320.4,251.2,118.35
874,303.05,239.4,92.7
319,363.45,70.1,43.25
2304,235.4,172.95,63.3
4581,116.15,59.25,81.85
5286,123.65,51.15,25.85
2785,209.15,88.4,88.2
1496,268.85,185.85,117.5
4271,140.1,63.3,71.35
2347,212.65,115.75,124
36,321.8,252.5,118.85
4204,154.8,77.3,60.05
5191,119.1,50.6,35.75
606,289.9,152.45,191.55
2689,201.25,144.7,84.15
3636,168.3,80.85,80.05
5302,107.5,47.9,57.35
2224,240.2,171.65,65.1
3404,199.95,115.15,62.05
3363,164.7,87.55,93.05
488,355.85,69.2,45.05
4386,133.25,62.15,66.45
1952,215.75,119.85,136.7
5972,76.5,34.4,46.85
2382,207.4,113.8,122.1
2555,200.75,105.5,120.7
5109,116.9,55.45,45
1385,267.6,125.15,125.35
5247,97.4,44.4,60.45
0,372,88.3,54.6
5693,75.55,38.7,49.95
5663,106.2,37.55,23.7
2,379.9,87.1,54.45
0,343.75,258.55,70.35
5922,86,26.8,37.75
0,286.7,152.65,209.85
5984,82.9,30.55,35.75
5308,100.65,45.75,43.85
4951,116.85,57.85,50.5
4664,121.05,49.85,64.1
2142,201.7,105.05,137.15
2519,183.25,83.95,129.85
5559,93.9,42.8,38.85
971,276.1,148,164.65
5234,93.45,50.1,56.35
5586,107.75,37.85,25.8
3395,171.85,85,97.3
3576,177.35,95.9,60.85
61,331.9,248.65,83.6
4191,150.35,76.15,57.35
83,328.55,242.15,84.35
4880,127.45,51.5,49.6
611,302.1,161.4,150.85
2382,205.5,108.95,120.65
1826,254.75,207.95,58.85
372,306.95,214.45,98.75
278,297.7,164.4,187.45
828,272.35,138.45,182.35
4101,141.25,76.45,79.1
2181,212.15,108.5,118.35
1244,292.5,218.15,55.5
3195,175.35,89.5,102.8
1006,260.4,134.2,159.35
4225,151.95,62.1,56.1
999,280.4,143,157.9
5643,97.2,36.25,42.1
1939,241.05,164.5,74.85
4885,127.2,51.25,49.6
4360,136.2,56.15,62
92,310.65,168,179.65
2548,208.95,114.15,116.55
1625,257.65,128.15,140.75
2112,222.3,137.85,91.35
442,316.35,226.1,73.85
2560,194.75,101.8,114.65
98,314.25,172,176.5
1788,227.25,120.85,143.75
4584,133.8,58.4,59.75
2365,189.75,86.65,131.6
4020,161.05,83.75,53.05
1464,231.95,155.3,109.6
2200,238.35,169.95,73.6
482,279,148.3,193.25
1464,257.4,176.25,93.1
898,282.75,197.3,111.85
5674,90.5,35.5,44.8
2349,221.4,128.75,105.35
133,363.3,78.8,60.4
2636,227.4,135.65,85.65
3316,159.85,82.2,111.7
2412,235,139.45,88.65
406,305.7,158.6,168.35
2989,193.1,99.55,94.9
1165,274.85,138.55,149.8
1848,251.4,201.7,59.85
3018,181.55,90.45,105.9
758,339.7,72.45,46.6
706,309.6,234.45,70.95
555,346.4,64.9,56.8
285,354.3,68.25,61.9
1330,268.05,133,145.6
2770,190.7,97.1,111.05
2646,197.75,95.45,117.15
1015,304.35,221.6,62.6
1411,277.35,202.95,76.35
1714,257.85,180.6,77.3
2234,219.3,117.15,118.3
2830,199.55,98.15,102.1
240,332.9,247.55,68.85
2878,188.45,99,107.05
706,301,154,155.15
5902,87,27.8,37.75
335,294.95,161.8,184.85
314,289,157.15,191.6
5667,96,40.05,40
2898,198.35,98.3,100.35
4414,129.85,57.15,67.6
4286,132,66.95,79.1
1533,262.9,138.7,147.35
1077,280.4,196.35,96.05
36,313.4,171.3,179.65
333,323.15,238.8,77.75
3137,166.85,87.65,113.7
3013,183.95,94.05,107.65
3730,173,93.35,57.95
196,337,255.65,67.5
98,339.25,253.75,71
2239,221.75,115.4,114.65
0,367.6,95.8,55.7
5877,74.6,22.5,53.65
5700,103.05,34.4,25.8
2,295.3,158.15,223
6082,67.8,24,49.65
35,327.15,246.05,113.95
6113,68.7,23.6,47.15
1,375.8,104.05,48.55
3156,176.6,75.8,106.25
1319,253,208.2,136.15
3316,157.95,67.2,100.35
3622,151.9,61.3,88.6
4140,130.25,58.95,98.55
3512,147.75,67.3,107.7
5544,82.65,30.55,62.8
3005,170,79,109.35
2632,202.45,143.1,94.4
2203,231.55,185,87.85
2784,196.7,114.65,97.1
3367,174.85,70.8,78.8
5574,101.2,35.3,33.9
1053,267.25,109.6,159.15
3998,145.9,63.4,82.25
1694,246.25,181.1,99
84,337.9,88.3,86.05
3048,212.65,153.25,60.35
5088,103.4,56.1,88.85
2586,224.75,175,72.5
1431,255.5,108,156.1
1690,248.6,96.65,143.65
6018,70.4,26.1,51.45
2722,206.7,148,94.3
1813,229.1,134.75,147.85
1161,258.85,126.85,180.9
634,276.3,139.75,201.65
5385,108.75,38.85,36.3
4364,141.85,59.85,60.35
204,320,239.15,109.75
4750,117.4,53.05,70.1
348,286.75,143.95,205.5
129,291.75,155.4,218.85
2748,180.2,105.55,121.2
4549,125.65,50.9,70
934,270.15,109.4,168.9
2495,228.65,170.25,77.05
3419,156.55,65.05,95.5
2929,189.7,79.15,90.7
5461,85.75,33.55,65.7
221,285.7,147.65,213.1
5246,118.05,47,41.05
3847,140.8,59.55,94.05
2846,218.05,102.1,85.45
2538,234.05,116.3,88.1
549,314.4,228.6,95.85
179,289.75,153.5,217.05
5662,93.9,38,42.95
447,284.55,125.65,178.5
586,340.55,83.45,55.2
3762,141.15,64.9,101.85
1021,279.75,137.45,163.3
4591,119.05,51.35,74.55
401,281.7,143.5,211.4
54,353.6,91.45,73.9
302,285.6,228.85,154.15
5186,115.1,42.05,43.65
1109,256.45,197.1,124.05
4937,111.3,42.9,62.85
2783,185.55,79.75,108.8
5273,111.15,44.4,44.7
974,288.95,213.7,101.25
828,268.6,138.55,191.75
2371,215.35,155.35,103.85
782,274.3,204.05,131.3
5028,129.7,50.95,42.2
1266,254.05,192.1,115.6
1863,218.95,160.25,126.65
1673,222.9,163.75,133.75
1251,257.95,123.5,177.35
156,322,241.05,111.55
5063,122.15,52.1,46.55
4675,123.4,49.1,65
6031,70.8,25.4,50
2027,245.55,169.1,95.7
1448,237.85,162.9,126.35
2364,194.3,90.6,123.3
5662,102.2,36,29.95
4874,137.95,49.4,39.45
1805,237.45,193.05,112.1
446,308.1,233.25,108
866,270.85,131.3,188.3
819,301.35,217.55,96.65
833,261.25,173.7,139.8
132,350.95,85.95,70.3
2608,227.6,161.6,72.25
495,287.3,219.65,128.1
707,304.8,222.55,100.3
1660,245.2,200.8,120.6
196,309.2,241.8,138.45
4034,142.05,65.45,92.05
1821,251.7,172.8,99.55
0,356.05,73.05,72.45
0,382.75,80.55,48.15
5955,79.55,33.3,48.05
5976,81.85,34.9,44.2
0,349.2,258.8,69.8
1,285.7,170.2,238.35
5485,88.9,32,62.05
5403,116.55,53.85,27.95
992,281.8,216.45,94.7
237,316.35,251.45,116.75
32,290.1,171.2,232.65
1076,245.15,137.95,155.2
185,321.05,241,89.85
5232,120.25,52.55,40.8
2598,197.9,135.6,102.65
11,325.35,235.6,93.75
5813,87,38.15,48.7
2859,183.9,103.65,110.05
1361,246.45,131.45,195.15
1578,258,197.75,77.4
22,327.8,211.3,180.55
1815,213.05,123.4,139.5
2425,202.75,151.85,110.65
436,299.55,192.35,184.7
2128,208.1,107.65,129.85
1619,229.85,176.3,134.1
517,267.5,150.1,218.35
5322,112.5,56.9,31.3
73,347.3,256.75,66.7
104,336,73.25,92.35
739,293,185.7,169.5
236,373.9,77.4,44.3
142,376.35,84.75,42.95
856,308.35,229.15,62.9
1439,254.9,128.25,195.9
3869,151.15,75.05,85.55
954,248.2,174.5,152.35
21,342.75,247.65,74.45
503,301.45,187.9,176.25
701,293.85,180.9,161.7
1647,235.45,126.95,125.85
147,338.85,246.2,70.7
4769,132.5,54.5,56.1
1963,220.95,160.8,122.95
3678,166.25,72.05,81.8
5169,123.25,59.8,34.2
3465,180,86.8,80.35
1156,298.9,226.6,52.45
4013,135.15,70.95,105.95
1749,266.6,200.95,65
829,251.25,147.4,166.35
2895,190.65,93.8,100
2545,193.15,99.6,125.6
333,312.05,203.9,173.1
3265,176,100.3,80.8
1692,223.15,161.45,139.95
310,311.7,244,117.4
854,259.25,145.05,207.15
290,278.8,162.8,226.95
3815,162.25,93.7,63.6
5619,96.05,45.55,49.55
348,365.45,71.1,43.55
5721,85.7,36.85,56.1
611,275.6,156.15,210.15
1306,243.1,176.85,139.2
2674,186.4,91.15,125.8
4177,132,67.6,96.8
593,298.7,183.45,164.85
54,360.15,70.05,59.95
4400,159.55,72.85,52.55
5116,123.55,59.5,36.9
269,284.45,160.6,215.8
2458,211.3,124.2,105.1
5317,115.85,58.55,27.95
5328,104.9,44.9,60.05
4900,125.5,65.55,51.15
4460,155.05,68.35,54.05
1755,232.45,165.3,120.45
3652,173.65,106.6,63.45
4687,140.1,64.45,45.55
2141,225.15,116.5,111.6
1165,285.75,178.8,149.35
3046,164.95,96.25,112.1
1973,216.65,117.45,122.15
2570,205.7,119.1,105.1
2101,249.85,193.45,61.05
4081,131.8,68.65,104.4
1315,261.95,206.6,91.2
5631,95.55,44.05,48.2
2655,216.7,117.2,82.55
1589,224.75,165.7,144.15
189,304.9,189.5,180.6
1441,238.3,168.7,136.75
5486,105.2,48.2,49.45
3232,176,100.55,82.2
5433,92.1,34.95,62.8
4985,126.35,62,51.95
2230,211.75,160.35,113.15
1371,271,201.2,80.85
1021,301.25,226.9,57.2